Timestamp,Peak Player Count
2020-04-02 13:00:00,76574
2020-04-02 14:00:00,79658
2020-04-02 15:00:00,84442
2020-04-02 16:00:00,87543
2020-04-02 17:00:00,90039
2020-04-02 18:00:00,90631
2020-04-02 19:00:00,90172
2020-04-02 20:00:00,87614
2020-04-02 21:00:00,81953
2020-04-02 22:00:00,76329
2020-04-02 23:00:00,71228
2020-04-03 00:00:00,71190
2020-04-03 01:00:00,70704
2020-04-03 02:00:00,69633
2020-04-03 03:00:00,63139
2020-04-03 04:00:00,60466
2020-04-03 05:00:00,54146
2020-04-03 06:00:00,49992
2020-04-03 07:00:00,50987
2020-04-03 08:00:00,54455
2020-04-03 09:00:00,58579
2020-04-03 10:00:00,59988
2020-04-03 11:00:00,66105
2020-04-03 12:00:00,71944
2020-04-03 13:00:00,76577
2020-04-03 14:00:00,81091
2020-04-03 15:00:00,85147
2020-04-03 16:00:00,88664
2020-04-03 17:00:00,90421
2020-04-03 18:00:00,92214
2020-04-03 19:00:00,92142
2020-04-03 20:00:00,91470
2020-04-03 21:00:00,89106
2020-04-03 22:00:00,85073
2020-04-03 23:00:00,74342
2020-04-04 00:00:00,74963
2020-04-04 01:00:00,74366
2020-04-04 02:00:00,73246
2020-04-04 03:00:00,70757
2020-04-04 04:00:00,66807
2020-04-04 05:00:00,60937
2020-04-04 06:00:00,56152
2020-04-04 07:00:00,54251
2020-04-04 08:00:00,56821
2020-04-04 09:00:00,61125
2020-04-04 10:00:00,63473
2020-04-04 11:00:00,68175
2020-04-04 12:00:00,74360
2020-04-04 13:00:00,79139
2020-04-04 14:00:00,84436
2020-04-04 15:00:00,88135
2020-04-04 16:00:00,87833
2020-04-04 17:00:00,90515
2020-04-04 18:00:00,91838
2020-04-04 19:00:00,92536
2020-04-04 20:00:00,92037
2020-04-04 21:00:00,89767
2020-04-04 22:00:00,84441
2020-04-04 23:00:00,78329
2020-04-05 00:00:00,75682
2020-04-05 01:00:00,74622
2020-04-05 02:00:00,74124
2020-04-05 03:00:00,71980
2020-04-05 04:00:00,67357
2020-04-05 05:00:00,62059
2020-04-05 06:00:00,56119
2020-04-05 07:00:00,54416
2020-04-05 08:00:00,57196
2020-04-05 09:00:00,61017
2020-04-05 10:00:00,63695
2020-04-05 11:00:00,67710
2020-04-05 12:00:00,71748
2020-04-05 13:00:00,75500
2020-04-05 14:00:00,79607
2020-04-05 15:00:00,84320
2020-04-05 16:00:00,88302
2020-04-05 17:00:00,90799
2020-04-05 18:00:00,92317
2020-04-05 19:00:00,91954
2020-04-05 20:00:00,90352
2020-04-05 21:00:00,85838
2020-04-05 22:00:00,73498
2020-04-05 23:00:00,73333
2020-04-06 00:00:00,72823
2020-04-06 01:00:00,72432
2020-04-06 02:00:00,70282
2020-04-06 03:00:00,65768
2020-04-06 04:00:00,60643
2020-04-06 05:00:00,54929
2020-04-06 06:00:00,51777
2020-04-06 07:00:00,56311
2020-04-06 08:00:00,57117
2020-04-06 09:00:00,60333
2020-04-06 10:00:00,61090
2020-04-06 11:00:00,65743
2020-04-06 12:00:00,70334
2020-04-06 13:00:00,73536
2020-04-06 14:00:00,76551
2020-04-06 15:00:00,80885
2020-04-06 16:00:00,84820
2020-04-06 17:00:00,88002
2020-04-06 18:00:00,90385
2020-04-06 19:00:00,90391
2020-04-06 20:00:00,89492
2020-04-06 21:00:00,84280
2020-04-06 22:00:00,79400
2020-04-06 23:00:00,73296
2020-04-07 00:00:00,72382
2020-04-07 01:00:00,71994
2020-04-07 02:00:00,70286
2020-04-07 03:00:00,65078
2020-04-07 04:00:00,59529
2020-04-07 05:00:00,53440
2020-04-07 06:00:00,49648
2020-04-07 07:00:00,50902
2020-04-07 08:00:00,54350
2020-04-07 09:00:00,57753
2020-04-07 10:00:00,60206
2020-04-07 11:00:00,65023
2020-04-07 12:00:00,69724
2020-04-07 13:00:00,73321
2020-04-07 14:00:00,76650
2020-04-07 15:00:00,81238
2020-04-07 16:00:00,86073
2020-04-07 17:00:00,89119
2020-04-07 18:00:00,91668
2020-04-07 19:00:00,91838
2020-04-07 20:00:00,90496
2020-04-07 21:00:00,78180
2020-04-07 22:00:00,75642
2020-04-07 23:00:00,72159
2020-04-08 00:00:00,74664
2020-04-08 01:00:00,74288
2020-04-08 02:00:00,71585
2020-04-08 03:00:00,66740
2020-04-08 04:00:00,60877
2020-04-08 05:00:00,54458
2020-04-08 06:00:00,50730
2020-04-08 07:00:00,52043
2020-04-08 08:00:00,55071
2020-04-08 09:00:00,59754
2020-04-08 10:00:00,61814
2020-04-08 11:00:00,67003
2020-04-08 12:00:00,71709
2020-04-08 13:00:00,75005
2020-04-08 14:00:00,78169
2020-04-08 15:00:00,81367
2020-04-08 16:00:00,84854
2020-04-08 17:00:00,88747
2020-04-08 18:00:00,92797
2020-04-08 19:00:00,92469
2020-04-08 20:00:00,90724
2020-04-08 21:00:00,85806
2020-04-08 22:00:00,78921
2020-04-08 23:00:00,72933
2020-04-09 00:00:00,71703
2020-04-09 01:00:00,71703
2020-04-09 02:00:00,70843
2020-04-09 03:00:00,66816
2020-04-09 04:00:00,61426
2020-04-09 05:00:00,55168
2020-04-09 06:00:00,51616
2020-04-09 07:00:00,52426
2020-04-09 08:00:00,56009
2020-04-09 09:00:00,61118
2020-04-09 10:00:00,62596
2020-04-09 11:00:00,67278
2020-04-09 12:00:00,72294
2020-04-09 13:00:00,75983
2020-04-09 14:00:00,79663
2020-04-09 15:00:00,83582
2020-04-09 16:00:00,87602
2020-04-09 17:00:00,91963
2020-04-09 18:00:00,97217
2020-04-09 19:00:00,100538
2020-04-09 20:00:00,80530
2020-04-09 21:00:00,80757
2020-04-09 22:00:00,80493
2020-04-09 23:00:00,74274
2020-04-10 00:00:00,73493
2020-04-10 01:00:00,73131
2020-04-10 02:00:00,72048
2020-04-10 03:00:00,66086
2020-04-10 04:00:00,62406
2020-04-10 05:00:00,56582
2020-04-10 06:00:00,51078
2020-04-10 07:00:00,50653
2020-04-10 08:00:00,53902
2020-04-10 09:00:00,58401
2020-04-10 10:00:00,60971
2020-04-10 11:00:00,66181
2020-04-10 12:00:00,70415
2020-04-10 13:00:00,72313
2020-04-10 14:00:00,70027
2020-04-10 15:00:00,83541
2020-04-10 16:00:00,86373
2020-04-10 17:00:00,90069
2020-04-10 18:00:00,92239
2020-04-10 19:00:00,92853
2020-04-10 20:00:00,82683
2020-04-10 21:00:00,82261
2020-04-10 22:00:00,79959
2020-04-10 23:00:00,75960
2020-04-11 00:00:00,73089
2020-04-11 01:00:00,72296
2020-04-11 02:00:00,72152
2020-04-11 03:00:00,70883
2020-04-11 04:00:00,66713
2020-04-11 05:00:00,61628
2020-04-11 06:00:00,56282
2020-04-11 07:00:00,54063
2020-04-11 08:00:00,56054
2020-04-11 09:00:00,59789
2020-04-11 10:00:00,63246
2020-04-11 11:00:00,66030
2020-04-11 12:00:00,70811
2020-04-11 13:00:00,73283
2020-04-11 14:00:00,79303
2020-04-11 15:00:00,81758
2020-04-11 16:00:00,85918
2020-04-11 17:00:00,87902
2020-04-11 18:00:00,89310
2020-04-11 19:00:00,89727
2020-04-11 20:00:00,89086
2020-04-11 21:00:00,86702
2020-04-11 22:00:00,82730
2020-04-11 23:00:00,76637
2020-04-12 00:00:00,73002
2020-04-12 01:00:00,72375
2020-04-12 02:00:00,71734
2020-04-12 03:00:00,70860
2020-04-12 04:00:00,66637
2020-04-12 05:00:00,61369
2020-04-12 06:00:00,56392
2020-04-12 07:00:00,54160
2020-04-12 08:00:00,57524
2020-04-12 09:00:00,60733
2020-04-12 10:00:00,63008
2020-04-12 11:00:00,66784
2020-04-12 12:00:00,71558
2020-04-12 13:00:00,75402
2020-04-12 14:00:00,78213
2020-04-12 15:00:00,82571
2020-04-12 16:00:00,85427
2020-04-12 17:00:00,87312
2020-04-12 18:00:00,89544
2020-04-12 19:00:00,89411
2020-04-12 20:00:00,89086
2020-04-12 21:00:00,86662
2020-04-12 22:00:00,81666
2020-04-12 23:00:00,75330
2020-04-13 00:00:00,73425
2020-04-13 01:00:00,72217
2020-04-13 02:00:00,70885
2020-04-13 03:00:00,66941
2020-04-13 04:00:00,61628
2020-04-13 05:00:00,55203
2020-04-13 06:00:00,50752
2020-04-13 07:00:00,50635
2020-04-13 08:00:00,54810
2020-04-13 09:00:00,59454
2020-04-13 10:00:00,62822
2020-04-13 11:00:00,68391
2020-04-13 12:00:00,73911
2020-04-13 13:00:00,78541
2020-04-13 14:00:00,82287
2020-04-13 15:00:00,85144
2020-04-13 16:00:00,86741
2020-04-13 17:00:00,88850
2020-04-13 18:00:00,90814
2020-04-13 19:00:00,90529
2020-04-13 20:00:00,89156
2020-04-13 21:00:00,85513
2020-04-13 22:00:00,80036
2020-04-13 23:00:00,74311
2020-04-14 00:00:00,74186
2020-04-14 01:00:00,73895
2020-04-14 02:00:00,72455
2020-04-14 03:00:00,68157
2020-04-14 04:00:00,62547
2020-04-14 05:00:00,56036
2020-04-14 06:00:00,51494
2020-04-14 07:00:00,52275
2020-04-14 08:00:00,55876
2020-04-14 09:00:00,60867
2020-04-14 10:00:00,63008
2020-04-14 11:00:00,68972
2020-04-14 12:00:00,74490
2020-04-14 13:00:00,78216
2020-04-14 14:00:00,81606
2020-04-14 15:00:00,85029
2020-04-14 16:00:00,86373
2020-04-14 17:00:00,88132
2020-04-14 18:00:00,89912
2020-04-14 19:00:00,89633
2020-04-14 20:00:00,87897
2020-04-14 21:00:00,84810
2020-04-14 22:00:00,79187
2020-04-14 23:00:00,79394
2020-04-15 00:00:00,79321
2020-04-15 01:00:00,75695
2020-04-15 02:00:00,71211
2020-04-15 03:00:00,66794
2020-04-15 04:00:00,61057
2020-04-15 05:00:00,55460
2020-04-15 06:00:00,52135
2020-04-15 07:00:00,52442
2020-04-15 08:00:00,55785
2020-04-15 09:00:00,59719
2020-04-15 10:00:00,62728
2020-04-15 11:00:00,67210
2020-04-15 12:00:00,73267
2020-04-15 13:00:00,76237
2020-04-15 14:00:00,79288
2020-04-15 15:00:00,82665
2020-04-15 16:00:00,85254
2020-04-15 17:00:00,87656
2020-04-15 18:00:00,89617
2020-04-15 19:00:00,89195
2020-04-15 20:00:00,87362
2020-04-15 21:00:00,84168
2020-04-15 22:00:00,77946
2020-04-15 23:00:00,72609
2020-04-16 00:00:00,72647
2020-04-16 01:00:00,72423
2020-04-16 02:00:00,70578
2020-04-16 03:00:00,65941
2020-04-16 04:00:00,61047
2020-04-16 05:00:00,54469
2020-04-16 06:00:00,50206
2020-04-16 07:00:00,52592
2020-04-16 08:00:00,56157
2020-04-16 09:00:00,60302
2020-04-16 10:00:00,62363
2020-04-16 11:00:00,67670
2020-04-16 12:00:00,73447
2020-04-16 13:00:00,77121
2020-04-16 14:00:00,79764
2020-04-16 15:00:00,81008
2020-04-16 16:00:00,85485
2020-04-16 17:00:00,87458
2020-04-16 18:00:00,88686
2020-04-16 19:00:00,88659
2020-04-16 20:00:00,87482
2020-04-16 21:00:00,84946
2020-04-16 22:00:00,79348
2020-04-16 23:00:00,73757
2020-04-17 00:00:00,73832
2020-04-17 01:00:00,73546
2020-04-17 02:00:00,71536
2020-04-17 03:00:00,65933
2020-04-17 04:00:00,60659
2020-04-17 05:00:00,55463
2020-04-17 06:00:00,50546
2020-04-17 07:00:00,51983
2020-04-17 08:00:00,51932
2020-04-17 09:00:00,54220
2020-04-17 10:00:00,58065
2020-04-17 11:00:00,64781
2020-04-17 12:00:00,71839
2020-04-17 13:00:00,76568
2020-04-17 14:00:00,79354
2020-04-17 15:00:00,81964
2020-04-17 16:00:00,85924
2020-04-17 17:00:00,89867
2020-04-17 18:00:00,91675
2020-04-17 19:00:00,91881
2020-04-17 20:00:00,91484
2020-04-17 21:00:00,88860
2020-04-17 22:00:00,83800
2020-04-17 23:00:00,77503
2020-04-18 00:00:00,75631
2020-04-18 01:00:00,75245
2020-04-18 02:00:00,74844
2020-04-18 03:00:00,72514
2020-04-18 04:00:00,68547
2020-04-18 05:00:00,63469
2020-04-18 06:00:00,58322
2020-04-18 07:00:00,56218
2020-04-18 08:00:00,58758
2020-04-18 09:00:00,62815
2020-04-18 10:00:00,65081
2020-04-18 11:00:00,69717
2020-04-18 12:00:00,75812
2020-04-18 13:00:00,80181
2020-04-18 14:00:00,84190
2020-04-18 15:00:00,87906
2020-04-18 16:00:00,90158
2020-04-18 17:00:00,91382
2020-04-18 18:00:00,93385
2020-04-18 19:00:00,93412
2020-04-18 20:00:00,92829
2020-04-18 21:00:00,89610
2020-04-18 22:00:00,84070
2020-04-18 23:00:00,78590
2020-04-19 00:00:00,75955
2020-04-19 01:00:00,76028
2020-04-19 02:00:00,75533
2020-04-19 03:00:00,73101
2020-04-19 04:00:00,68702
2020-04-19 05:00:00,63260
2020-04-19 06:00:00,58569
2020-04-19 07:00:00,56785
2020-04-19 08:00:00,59585
2020-04-19 09:00:00,62865
2020-04-19 10:00:00,65250
2020-04-19 11:00:00,69043
2020-04-19 12:00:00,73828
2020-04-19 13:00:00,77360
2020-04-19 14:00:00,80923
2020-04-19 15:00:00,84666
2020-04-19 16:00:00,88519
2020-04-19 17:00:00,90957
2020-04-19 18:00:00,92757
2020-04-19 19:00:00,92390
2020-04-19 20:00:00,90616
2020-04-19 21:00:00,85301
2020-04-19 22:00:00,78379
2020-04-19 23:00:00,73355
2020-04-20 00:00:00,73638
2020-04-20 01:00:00,73275
2020-04-20 02:00:00,72370
2020-04-20 03:00:00,69773
2020-04-20 04:00:00,68121
2020-04-20 05:00:00,59444
2020-04-20 06:00:00,53553
2020-04-20 07:00:00,54155
2020-04-20 08:00:00,55271
2020-04-20 09:00:00,58961
2020-04-20 10:00:00,60473
2020-04-20 11:00:00,65366
2020-04-20 12:00:00,70685
2020-04-20 13:00:00,73286
2020-04-20 14:00:00,77654
2020-04-20 15:00:00,81621
2020-04-20 16:00:00,85138
2020-04-20 17:00:00,88741
2020-04-20 18:00:00,90501
2020-04-20 19:00:00,90057
2020-04-20 20:00:00,87503
2020-04-20 21:00:00,80879
2020-04-20 22:00:00,74119
2020-04-20 23:00:00,70263
2020-04-21 00:00:00,71564
2020-04-21 01:00:00,71026
2020-04-21 02:00:00,69172
2020-04-21 03:00:00,65426
2020-04-21 04:00:00,60271
2020-04-21 05:00:00,54391
2020-04-21 06:00:00,51694
2020-04-21 07:00:00,51768
2020-04-21 08:00:00,54176
2020-04-21 09:00:00,56611
2020-04-21 10:00:00,58829
2020-04-21 11:00:00,65388
2020-04-21 12:00:00,70552
2020-04-21 13:00:00,73236
2020-04-21 14:00:00,74577
2020-04-21 15:00:00,78519
2020-04-21 16:00:00,82205
2020-04-21 17:00:00,86256
2020-04-21 18:00:00,89628
2020-04-21 19:00:00,90693
2020-04-21 20:00:00,90279
2020-04-21 21:00:00,85599
2020-04-21 22:00:00,77215
2020-04-21 23:00:00,71302
2020-04-22 00:00:00,71661
2020-04-22 01:00:00,71332
2020-04-22 02:00:00,68141
2020-04-22 03:00:00,65756
2020-04-22 04:00:00,60614
2020-04-22 05:00:00,54847
2020-04-22 06:00:00,50851
2020-04-22 07:00:00,53274
2020-04-22 08:00:00,55775
2020-04-22 09:00:00,58894
2020-04-22 10:00:00,60918
2020-04-22 11:00:00,65864
2020-04-22 12:00:00,69970
2020-04-22 13:00:00,73248
2020-04-22 14:00:00,76337
2020-04-22 15:00:00,80704
2020-04-22 16:00:00,83685
2020-04-22 17:00:00,87531
2020-04-22 18:00:00,90251
2020-04-22 19:00:00,90034
2020-04-22 20:00:00,88318
2020-04-22 21:00:00,83011
2020-04-22 22:00:00,76285
2020-04-22 23:00:00,71174
2020-04-23 00:00:00,72047
2020-04-23 01:00:00,72193
2020-04-23 02:00:00,71324
2020-04-23 03:00:00,66921
2020-04-23 04:00:00,62200
2020-04-23 05:00:00,56399
2020-04-23 06:00:00,52196
2020-04-23 07:00:00,53797
2020-04-23 08:00:00,56476
2020-04-23 09:00:00,59250
2020-04-23 10:00:00,60219
2020-04-23 11:00:00,65086
2020-04-23 12:00:00,71031
2020-04-23 13:00:00,73715
2020-04-23 14:00:00,76507
2020-04-23 15:00:00,81548
2020-04-23 16:00:00,85191
2020-04-23 17:00:00,89537
2020-04-23 18:00:00,91267
2020-04-23 19:00:00,90851
2020-04-23 20:00:00,89545
2020-04-23 21:00:00,85266
2020-04-23 22:00:00,77983
2020-04-23 23:00:00,72905
2020-04-24 00:00:00,74050
2020-04-24 01:00:00,73433
2020-04-24 02:00:00,72333
2020-04-24 03:00:00,67498
2020-04-24 04:00:00,62848
2020-04-24 05:00:00,56552
2020-04-24 06:00:00,52935
2020-04-24 07:00:00,54226
2020-04-24 08:00:00,56858
2020-04-24 09:00:00,60962
2020-04-24 10:00:00,63200
2020-04-24 11:00:00,69161
2020-04-24 12:00:00,74792
2020-04-24 13:00:00,76705
2020-04-24 14:00:00,81608
2020-04-24 15:00:00,84596
2020-04-24 16:00:00,86179
2020-04-24 17:00:00,90899
2020-04-24 18:00:00,93536
2020-04-24 19:00:00,94782
2020-04-24 20:00:00,94025
2020-04-24 21:00:00,90668
2020-04-24 22:00:00,85303
2020-04-24 23:00:00,78608
2020-04-25 00:00:00,76180
2020-04-25 01:00:00,76948
2020-04-25 02:00:00,76688
2020-04-25 03:00:00,74822
2020-04-25 04:00:00,70706
2020-04-25 05:00:00,66372
2020-04-25 06:00:00,60667
2020-04-25 07:00:00,65094
2020-04-25 08:00:00,67093
2020-04-25 09:00:00,65136
2020-04-25 10:00:00,67133
2020-04-25 11:00:00,71577
2020-04-25 12:00:00,77158
2020-04-25 13:00:00,81748
2020-04-25 14:00:00,84684
2020-04-25 15:00:00,89151
2020-04-25 16:00:00,91618
2020-04-25 17:00:00,93103
2020-04-25 18:00:00,95608
2020-04-25 19:00:00,96590
2020-04-25 20:00:00,96244
2020-04-25 21:00:00,93624
2020-04-25 22:00:00,87959
2020-04-25 23:00:00,81148
2020-04-26 00:00:00,77696
2020-04-26 01:00:00,78257
2020-04-26 02:00:00,77843
2020-04-26 03:00:00,75452
2020-04-26 04:00:00,70794
2020-04-26 05:00:00,65506
2020-04-26 06:00:00,60216
2020-04-26 07:00:00,58616
2020-04-26 08:00:00,61220
2020-04-26 09:00:00,64659
2020-04-26 10:00:00,66691
2020-04-26 11:00:00,69801
2020-04-26 12:00:00,75015
2020-04-26 13:00:00,77889
2020-04-26 14:00:00,81381
2020-04-26 15:00:00,88091
2020-04-26 16:00:00,92162
2020-04-26 17:00:00,94238
2020-04-26 18:00:00,95786
2020-04-26 19:00:00,95442
2020-04-26 20:00:00,93675
2020-04-26 21:00:00,89342
2020-04-26 22:00:00,82478
2020-04-26 23:00:00,80641
2020-04-27 00:00:00,80490
2020-04-27 01:00:00,78599
2020-04-27 02:00:00,74052
2020-04-27 03:00:00,69541
2020-04-27 04:00:00,63887
2020-04-27 05:00:00,57804
2020-04-27 06:00:00,53914
2020-04-27 07:00:00,54707
2020-04-27 08:00:00,57339
2020-04-27 09:00:00,60270
2020-04-27 10:00:00,61637
2020-04-27 11:00:00,66162
2020-04-27 12:00:00,71279
2020-04-27 13:00:00,75029
2020-04-27 14:00:00,78764
2020-04-27 15:00:00,82917
2020-04-27 16:00:00,85870
2020-04-27 17:00:00,90296
2020-04-27 18:00:00,92490
2020-04-27 19:00:00,92190
2020-04-27 20:00:00,90284
2020-04-27 21:00:00,84126
2020-04-27 22:00:00,78346
2020-04-27 23:00:00,73708
2020-04-28 00:00:00,74845
2020-04-28 01:00:00,74633
2020-04-28 02:00:00,73390
2020-04-28 03:00:00,69403
2020-04-28 04:00:00,63363
2020-04-28 05:00:00,57071
2020-04-28 06:00:00,53910
2020-04-28 07:00:00,55647
2020-04-28 08:00:00,57717
2020-04-28 09:00:00,61165
2020-04-28 10:00:00,62827
2020-04-28 11:00:00,68319
2020-04-28 12:00:00,73952
2020-04-28 13:00:00,77474
2020-04-28 14:00:00,81442
2020-04-28 15:00:00,85638
2020-04-28 16:00:00,89177
2020-04-28 17:00:00,91989
2020-04-28 18:00:00,92609
2020-04-28 19:00:00,68865
2020-04-28 20:00:00,78634
2020-04-28 21:00:00,84280
2020-04-28 22:00:00,83419
2020-04-28 23:00:00,77895
2020-04-29 00:00:00,76787
2020-04-29 01:00:00,76703
2020-04-29 02:00:00,74639
2020-04-29 03:00:00,70778
2020-04-29 04:00:00,63758
2020-04-29 05:00:00,57150
2020-04-29 06:00:00,54244
2020-04-29 07:00:00,53736
2020-04-29 08:00:00,56821
2020-04-29 09:00:00,61005
2020-04-29 10:00:00,61337
2020-04-29 11:00:00,67509
2020-04-29 12:00:00,73647
2020-04-29 13:00:00,77520
2020-04-29 14:00:00,80901
2020-04-29 15:00:00,83007
2020-04-29 16:00:00,87562
2020-04-29 17:00:00,90853
2020-04-29 18:00:00,92132
2020-04-29 19:00:00,91369
2020-04-29 20:00:00,89937
2020-04-29 21:00:00,83905
2020-04-29 22:00:00,76393
2020-04-29 23:00:00,74756
2020-04-30 00:00:00,76356
2020-04-30 01:00:00,74639
2020-04-30 02:00:00,74050
2020-04-30 03:00:00,69342
2020-04-30 04:00:00,62924
2020-04-30 05:00:00,56525
2020-04-30 06:00:00,53382
2020-04-30 07:00:00,55283
2020-04-30 08:00:00,58754
2020-04-30 09:00:00,62875
2020-04-30 10:00:00,66425
2020-04-30 11:00:00,77123
2020-04-30 12:00:00,80390
2020-04-30 13:00:00,79555
2020-04-30 14:00:00,82782
2020-04-30 15:00:00,87928
2020-04-30 16:00:00,90540
2020-04-30 17:00:00,92518
2020-04-30 18:00:00,95914
2020-04-30 19:00:00,96335
2020-04-30 20:00:00,95484
2020-04-30 21:00:00,91376
2020-04-30 22:00:00,85484
2020-04-30 23:00:00,79268
2020-05-01 00:00:00,76649
2020-05-01 01:00:00,75520
2020-05-01 02:00:00,73620
2020-05-01 03:00:00,69735
2020-05-01 04:00:00,64531
2020-05-01 05:00:00,58443
2020-05-01 06:00:00,54834
2020-05-01 07:00:00,55105
2020-05-01 08:00:00,58963
2020-05-01 09:00:00,63921
2020-05-01 10:00:00,66247
2020-05-01 11:00:00,71872
2020-05-01 12:00:00,77690
2020-05-01 13:00:00,82008
2020-05-01 14:00:00,86129
2020-05-01 15:00:00,89985
2020-05-01 16:00:00,90892
2020-05-01 17:00:00,93084
2020-05-01 18:00:00,95654
2020-05-01 19:00:00,97007
2020-05-01 20:00:00,96035
2020-05-01 21:00:00,93501
2020-05-01 22:00:00,88425
2020-05-01 23:00:00,81867
2020-05-02 00:00:00,79681
2020-05-02 01:00:00,79695
2020-05-02 02:00:00,79601
2020-05-02 03:00:00,79334
2020-05-02 04:00:00,76445
2020-05-02 05:00:00,68726
2020-05-02 06:00:00,62303
2020-05-02 07:00:00,58978
2020-05-02 08:00:00,62119
2020-05-02 09:00:00,65215
2020-05-02 10:00:00,67912
2020-05-02 11:00:00,72865
2020-05-02 12:00:00,78293
2020-05-02 13:00:00,82982
2020-05-02 14:00:00,86610
2020-05-02 15:00:00,90259
2020-05-02 16:00:00,92027
2020-05-02 17:00:00,93070
2020-05-02 18:00:00,95451
2020-05-02 19:00:00,95892
2020-05-02 20:00:00,95559
2020-05-02 21:00:00,92009
2020-05-02 22:00:00,87141
2020-05-02 23:00:00,80885
2020-05-03 00:00:00,78096
2020-05-03 01:00:00,78844
2020-05-03 02:00:00,78457
2020-05-03 03:00:00,76989
2020-05-03 04:00:00,72487
2020-05-03 05:00:00,66361
2020-05-03 06:00:00,61218
2020-05-03 07:00:00,58904
2020-05-03 08:00:00,61345
2020-05-03 09:00:00,65159
2020-05-03 10:00:00,67729
2020-05-03 11:00:00,71838
2020-05-03 12:00:00,77246
2020-05-03 13:00:00,80888
2020-05-03 14:00:00,83275
2020-05-03 15:00:00,87972
2020-05-03 16:00:00,91137
2020-05-03 17:00:00,93138
2020-05-03 18:00:00,93916
2020-05-03 19:00:00,93472
2020-05-03 20:00:00,91631
2020-05-03 21:00:00,86330
2020-05-03 22:00:00,80134
2020-05-03 23:00:00,75841
2020-05-04 00:00:00,76091
2020-05-04 01:00:00,75921
2020-05-04 02:00:00,74491
2020-05-04 03:00:00,69875
2020-05-04 04:00:00,64653
2020-05-04 05:00:00,58398
2020-05-04 06:00:00,55194
2020-05-04 07:00:00,56805
2020-05-04 08:00:00,58334
2020-05-04 09:00:00,61610
2020-05-04 10:00:00,63026
2020-05-04 11:00:00,68153
2020-05-04 12:00:00,73438
2020-05-04 13:00:00,77529
2020-05-04 14:00:00,81414
2020-05-04 15:00:00,85200
2020-05-04 16:00:00,88303
2020-05-04 17:00:00,91995
2020-05-04 18:00:00,93373
2020-05-04 19:00:00,93244
2020-05-04 20:00:00,91503
2020-05-04 21:00:00,85793
2020-05-04 22:00:00,79704
2020-05-04 23:00:00,74897
2020-05-05 00:00:00,75022
2020-05-05 01:00:00,74811
2020-05-05 02:00:00,72756
2020-05-05 03:00:00,68816
2020-05-05 04:00:00,62899
2020-05-05 05:00:00,56632
2020-05-05 06:00:00,54853
2020-05-05 07:00:00,57577
2020-05-05 08:00:00,60018
2020-05-05 09:00:00,63650
2020-05-05 10:00:00,65761
2020-05-05 11:00:00,69699
2020-05-05 12:00:00,75284
2020-05-05 13:00:00,79577
2020-05-05 14:00:00,83831
2020-05-05 15:00:00,89804
2020-05-05 16:00:00,88009
2020-05-05 17:00:00,89663
2020-05-05 18:00:00,90401
2020-05-05 19:00:00,90184
2020-05-05 20:00:00,88623
2020-05-05 21:00:00,84159
2020-05-05 22:00:00,76735
2020-05-05 23:00:00,75523
2020-05-06 00:00:00,78060
2020-05-06 01:00:00,77826
2020-05-06 02:00:00,76017
2020-05-06 03:00:00,69801
2020-05-06 04:00:00,60963
2020-05-06 05:00:00,59109
2020-05-06 06:00:00,54147
2020-05-06 07:00:00,54765
2020-05-06 08:00:00,56488
2020-05-06 09:00:00,58998
2020-05-06 10:00:00,59675
2020-05-06 11:00:00,65065
2020-05-06 12:00:00,69465
2020-05-06 13:00:00,74223
2020-05-06 14:00:00,78263
2020-05-06 15:00:00,87542
2020-05-06 16:00:00,90251
2020-05-06 17:00:00,92572
2020-05-06 18:00:00,94805
2020-05-06 19:00:00,94374
2020-05-06 20:00:00,93035
2020-05-06 21:00:00,86877
2020-05-06 22:00:00,84019
2020-05-06 23:00:00,80309
2020-05-07 00:00:00,80403
2020-05-07 01:00:00,80148
2020-05-07 02:00:00,77895
2020-05-07 03:00:00,74494
2020-05-07 04:00:00,68510
2020-05-07 05:00:00,62351
2020-05-07 06:00:00,61669
2020-05-07 07:00:00,66910
2020-05-07 08:00:00,67730
2020-05-07 09:00:00,67126
2020-05-07 10:00:00,67188
2020-05-07 11:00:00,73283
2020-05-07 12:00:00,78484
2020-05-07 13:00:00,82178
2020-05-07 14:00:00,85119
2020-05-07 15:00:00,87884
2020-05-07 16:00:00,90619
2020-05-07 17:00:00,93311
2020-05-07 18:00:00,95254
2020-05-07 19:00:00,95106
2020-05-07 20:00:00,94055
2020-05-07 21:00:00,90010
2020-05-07 22:00:00,84331
2020-05-07 23:00:00,80014
2020-05-08 00:00:00,80125
2020-05-08 01:00:00,79754
2020-05-08 02:00:00,78076
2020-05-08 03:00:00,73388
2020-05-08 04:00:00,67806
2020-05-08 05:00:00,61431
2020-05-08 06:00:00,58037
2020-05-08 07:00:00,60924
2020-05-08 08:00:00,64565
2020-05-08 09:00:00,67645
2020-05-08 10:00:00,69420
2020-05-08 11:00:00,74202
2020-05-08 12:00:00,80031
2020-05-08 13:00:00,84131
2020-05-08 14:00:00,86536
2020-05-08 15:00:00,89576
2020-05-08 16:00:00,91839
2020-05-08 17:00:00,93903
2020-05-08 18:00:00,96669
2020-05-08 19:00:00,97632
2020-05-08 20:00:00,97182
2020-05-08 21:00:00,95014
2020-05-08 22:00:00,90316
2020-05-08 23:00:00,84479
2020-05-09 00:00:00,81367
2020-05-09 01:00:00,80713
2020-05-09 02:00:00,80089
2020-05-09 03:00:00,78173
2020-05-09 04:00:00,73994
2020-05-09 05:00:00,68324
2020-05-09 06:00:00,62884
2020-05-09 07:00:00,61420
2020-05-09 08:00:00,63999
2020-05-09 09:00:00,66639
2020-05-09 10:00:00,67819
2020-05-09 11:00:00,71861
2020-05-09 12:00:00,77300
2020-05-09 13:00:00,81547
2020-05-09 14:00:00,86265
2020-05-09 15:00:00,89996
2020-05-09 16:00:00,91223
2020-05-09 17:00:00,93827
2020-05-09 18:00:00,96331
2020-05-09 19:00:00,97362
2020-05-09 20:00:00,96828
2020-05-09 21:00:00,94781
2020-05-09 22:00:00,90122
2020-05-09 23:00:00,83883
2020-05-10 00:00:00,80004
2020-05-10 01:00:00,79272
2020-05-10 02:00:00,78804
2020-05-10 03:00:00,76552
2020-05-10 04:00:00,72043
2020-05-10 05:00:00,66611
2020-05-10 06:00:00,62324
2020-05-10 07:00:00,60515
2020-05-10 08:00:00,63991
2020-05-10 09:00:00,67065
2020-05-10 10:00:00,68184
2020-05-10 11:00:00,71644
2020-05-10 12:00:00,76234
2020-05-10 13:00:00,80425
2020-05-10 14:00:00,84590
2020-05-10 15:00:00,89287
2020-05-10 16:00:00,91350
2020-05-10 17:00:00,94242
2020-05-10 18:00:00,96341
2020-05-10 19:00:00,97041
2020-05-10 20:00:00,90700
2020-05-10 21:00:00,85923
2020-05-10 22:00:00,83148
2020-05-10 23:00:00,76591
2020-05-11 00:00:00,75054
2020-05-11 01:00:00,74826
2020-05-11 02:00:00,73411
2020-05-11 03:00:00,69710
2020-05-11 04:00:00,64505
2020-05-11 05:00:00,58795
2020-05-11 06:00:00,56958
2020-05-11 07:00:00,59325
2020-05-11 08:00:00,60915
2020-05-11 09:00:00,64032
2020-05-11 10:00:00,64989
2020-05-11 11:00:00,70332
2020-05-11 12:00:00,76002
2020-05-11 13:00:00,79571
2020-05-11 14:00:00,82890
2020-05-11 15:00:00,87568
2020-05-11 16:00:00,90542
2020-05-11 17:00:00,93243
2020-05-11 18:00:00,95000
2020-05-11 19:00:00,94455
2020-05-11 20:00:00,92159
2020-05-11 21:00:00,87387
2020-05-11 22:00:00,81680
2020-05-11 23:00:00,76850
2020-05-12 00:00:00,76746
2020-05-12 01:00:00,76349
2020-05-12 02:00:00,74734
2020-05-12 03:00:00,70297
2020-05-12 04:00:00,65668
2020-05-12 05:00:00,59308
2020-05-12 06:00:00,56378
2020-05-12 07:00:00,59167
2020-05-12 08:00:00,61406
2020-05-12 09:00:00,65545
2020-05-12 10:00:00,68458
2020-05-12 11:00:00,76407
2020-05-12 12:00:00,79815
2020-05-12 13:00:00,82064
2020-05-12 14:00:00,84329
2020-05-12 15:00:00,88703
2020-05-12 16:00:00,91274
2020-05-12 17:00:00,93085
2020-05-12 18:00:00,94637
2020-05-12 19:00:00,94318
2020-05-12 20:00:00,92254
2020-05-12 21:00:00,87978
2020-05-12 22:00:00,82010
2020-05-12 23:00:00,77838
2020-05-13 00:00:00,78074
2020-05-13 01:00:00,77997
2020-05-13 02:00:00,75670
2020-05-13 03:00:00,71555
2020-05-13 04:00:00,65140
2020-05-13 05:00:00,59316
2020-05-13 06:00:00,55241
2020-05-13 07:00:00,58013
2020-05-13 08:00:00,60400
2020-05-13 09:00:00,62844
2020-05-13 10:00:00,63112
2020-05-13 11:00:00,69202
2020-05-13 12:00:00,75837
2020-05-13 13:00:00,79414
2020-05-13 14:00:00,83425
2020-05-13 15:00:00,87383
2020-05-13 16:00:00,90498
2020-05-13 17:00:00,93443
2020-05-13 18:00:00,94643
2020-05-13 19:00:00,94394
2020-05-13 20:00:00,91739
2020-05-13 21:00:00,89023
2020-05-13 22:00:00,81682
2020-05-13 23:00:00,76275
2020-05-14 00:00:00,77338
2020-05-14 01:00:00,77092
2020-05-14 02:00:00,74808
2020-05-14 03:00:00,70507
2020-05-14 04:00:00,63442
2020-05-14 05:00:00,58239
2020-05-14 06:00:00,54814
2020-05-14 07:00:00,57912
2020-05-14 08:00:00,59654
2020-05-14 09:00:00,62993
2020-05-14 10:00:00,64126
2020-05-14 11:00:00,69376
2020-05-14 12:00:00,75749
2020-05-14 13:00:00,79704
2020-05-14 14:00:00,83414
2020-05-14 15:00:00,87780
2020-05-14 16:00:00,90556
2020-05-14 17:00:00,93188
2020-05-14 18:00:00,94806
2020-05-14 19:00:00,94571
2020-05-14 20:00:00,92924
2020-05-14 21:00:00,88506
2020-05-14 22:00:00,81946
2020-05-14 23:00:00,76544
2020-05-15 00:00:00,75963
2020-05-15 01:00:00,75236
2020-05-15 02:00:00,73773
2020-05-15 03:00:00,69675
2020-05-15 04:00:00,63700
2020-05-15 05:00:00,57400
2020-05-15 06:00:00,53925
2020-05-15 07:00:00,53876
2020-05-15 08:00:00,56566
2020-05-15 09:00:00,57916
2020-05-15 10:00:00,59900
2020-05-15 11:00:00,65980
2020-05-15 12:00:00,73652
2020-05-15 13:00:00,77879
2020-05-15 14:00:00,73941
2020-05-15 15:00:00,76669
2020-05-15 16:00:00,86893
2020-05-15 17:00:00,91379
2020-05-15 18:00:00,93782
2020-05-15 19:00:00,94261
2020-05-15 20:00:00,93717
2020-05-15 21:00:00,91666
2020-05-15 22:00:00,86148
2020-05-15 23:00:00,83794
2020-05-16 00:00:00,83439
2020-05-16 01:00:00,79769
2020-05-16 02:00:00,77395
2020-05-16 03:00:00,74300
2020-05-16 04:00:00,70491
2020-05-16 05:00:00,65392
2020-05-16 06:00:00,60594
2020-05-16 07:00:00,59591
2020-05-16 08:00:00,61734
2020-05-16 09:00:00,64721
2020-05-16 10:00:00,67803
2020-05-16 11:00:00,71679
2020-05-16 12:00:00,73713
2020-05-16 13:00:00,76542
2020-05-16 14:00:00,82420
2020-05-16 15:00:00,85980
2020-05-16 16:00:00,88807
2020-05-16 17:00:00,90094
2020-05-16 18:00:00,90950
2020-05-16 19:00:00,93824
2020-05-16 20:00:00,93319
2020-05-16 21:00:00,88331
2020-05-16 22:00:00,83738
2020-05-16 23:00:00,77783
2020-05-17 00:00:00,76338
2020-05-17 01:00:00,74963
2020-05-17 02:00:00,74790
2020-05-17 03:00:00,72991
2020-05-17 04:00:00,69011
2020-05-17 05:00:00,63679
2020-05-17 06:00:00,59018
2020-05-17 07:00:00,58235
2020-05-17 08:00:00,61071
2020-05-17 09:00:00,63351
2020-05-17 10:00:00,64912
2020-05-17 11:00:00,67870
2020-05-17 12:00:00,72217
2020-05-17 13:00:00,76232
2020-05-17 14:00:00,81341
2020-05-17 15:00:00,88985
2020-05-17 16:00:00,91773
2020-05-17 17:00:00,94017
2020-05-17 18:00:00,94252
2020-05-17 19:00:00,93838
2020-05-17 20:00:00,90794
2020-05-17 21:00:00,83839
2020-05-17 22:00:00,77483
2020-05-17 23:00:00,72779
2020-05-18 00:00:00,72360
2020-05-18 01:00:00,72200
2020-05-18 02:00:00,70477
2020-05-18 03:00:00,66462
2020-05-18 04:00:00,61709
2020-05-18 05:00:00,55246
2020-05-18 06:00:00,52581
2020-05-18 07:00:00,53949
2020-05-18 08:00:00,55253
2020-05-18 09:00:00,57193
2020-05-18 10:00:00,58186
2020-05-18 11:00:00,63890
2020-05-18 12:00:00,69262
2020-05-18 13:00:00,73348
2020-05-18 14:00:00,78100
2020-05-18 15:00:00,81910
2020-05-18 16:00:00,86128
2020-05-18 17:00:00,90526
2020-05-18 18:00:00,91800
2020-05-18 19:00:00,91601
2020-05-18 20:00:00,88820
2020-05-18 21:00:00,82936
2020-05-18 22:00:00,76596
2020-05-18 23:00:00,72670
2020-05-19 00:00:00,73798
2020-05-19 01:00:00,73426
2020-05-19 02:00:00,70415
2020-05-19 03:00:00,65870
2020-05-19 04:00:00,61255
2020-05-19 05:00:00,55007
2020-05-19 06:00:00,51985
2020-05-19 07:00:00,53465
2020-05-19 08:00:00,55132
2020-05-19 09:00:00,56705
2020-05-19 10:00:00,58017
2020-05-19 11:00:00,64124
2020-05-19 12:00:00,69953
2020-05-19 13:00:00,73907
2020-05-19 14:00:00,77121
2020-05-19 15:00:00,81001
2020-05-19 16:00:00,84329
2020-05-19 17:00:00,88679
2020-05-19 18:00:00,90738
2020-05-19 19:00:00,90922
2020-05-19 20:00:00,89186
2020-05-19 21:00:00,82653
2020-05-19 22:00:00,76627
2020-05-19 23:00:00,72037
2020-05-20 00:00:00,72394
2020-05-20 01:00:00,72340
2020-05-20 02:00:00,70782
2020-05-20 03:00:00,66247
2020-05-20 04:00:00,61353
2020-05-20 05:00:00,55581
2020-05-20 06:00:00,51522
2020-05-20 07:00:00,52177
2020-05-20 08:00:00,52458
2020-05-20 09:00:00,54504
2020-05-20 10:00:00,55972
2020-05-20 11:00:00,61694
2020-05-20 12:00:00,66268
2020-05-20 13:00:00,69904
2020-05-20 14:00:00,74355
2020-05-20 15:00:00,78753
2020-05-20 16:00:00,82953
2020-05-20 17:00:00,87652
2020-05-20 18:00:00,91779
2020-05-20 19:00:00,92608
2020-05-20 20:00:00,91567
2020-05-20 21:00:00,86354
2020-05-20 22:00:00,78402
2020-05-20 23:00:00,71984
2020-05-21 00:00:00,70678
2020-05-21 01:00:00,70600
2020-05-21 02:00:00,69367
2020-05-21 03:00:00,67799
2020-05-21 04:00:00,66918
2020-05-21 05:00:00,57449
2020-05-21 06:00:00,50890
2020-05-21 07:00:00,52165
2020-05-21 08:00:00,55174
2020-05-21 09:00:00,57531
2020-05-21 10:00:00,58853
2020-05-21 11:00:00,62312
2020-05-21 12:00:00,66536
2020-05-21 13:00:00,70652
2020-05-21 14:00:00,74627
2020-05-21 15:00:00,78759
2020-05-21 16:00:00,82736
2020-05-21 17:00:00,86567
2020-05-21 18:00:00,90700
2020-05-21 19:00:00,92144
2020-05-21 20:00:00,89611
2020-05-21 21:00:00,85380
2020-05-21 22:00:00,78898
2020-05-21 23:00:00,72852
2020-05-22 00:00:00,72576
2020-05-22 01:00:00,72097
2020-05-22 02:00:00,70246
2020-05-22 03:00:00,66730
2020-05-22 04:00:00,61969
2020-05-22 05:00:00,56181
2020-05-22 06:00:00,51588
2020-05-22 07:00:00,53212
2020-05-22 08:00:00,57108
2020-05-22 09:00:00,60697
2020-05-22 10:00:00,63682
2020-05-22 11:00:00,68592
2020-05-22 12:00:00,74070
2020-05-22 13:00:00,77902
2020-05-22 14:00:00,81514
2020-05-22 15:00:00,85448
2020-05-22 16:00:00,87614
2020-05-22 17:00:00,92523
2020-05-22 18:00:00,94154
2020-05-22 19:00:00,96208
2020-05-22 20:00:00,96079
2020-05-22 21:00:00,91899
2020-05-22 22:00:00,83518
2020-05-22 23:00:00,76739
2020-05-23 00:00:00,74232
2020-05-23 01:00:00,74432
2020-05-23 02:00:00,74155
2020-05-23 03:00:00,72219
2020-05-23 04:00:00,67977
2020-05-23 05:00:00,62781
2020-05-23 06:00:00,57707
2020-05-23 07:00:00,56251
2020-05-23 08:00:00,59150
2020-05-23 09:00:00,62592
2020-05-23 10:00:00,63438
2020-05-23 11:00:00,67784
2020-05-23 12:00:00,72988
2020-05-23 13:00:00,77175
2020-05-23 14:00:00,81276
2020-05-23 15:00:00,84508
2020-05-23 16:00:00,86549
2020-05-23 17:00:00,90812
2020-05-23 18:00:00,92476
2020-05-23 19:00:00,92329
2020-05-23 20:00:00,92025
2020-05-23 21:00:00,88508
2020-05-23 22:00:00,81540
2020-05-23 23:00:00,75172
2020-05-24 00:00:00,72387
2020-05-24 01:00:00,73103
2020-05-24 02:00:00,72770
2020-05-24 03:00:00,70802
2020-05-24 04:00:00,66826
2020-05-24 05:00:00,62555
2020-05-24 06:00:00,56993
2020-05-24 07:00:00,54764
2020-05-24 08:00:00,57188
2020-05-24 09:00:00,59953
2020-05-24 10:00:00,62153
2020-05-24 11:00:00,65369
2020-05-24 12:00:00,69618
2020-05-24 13:00:00,73490
2020-05-24 14:00:00,76616
2020-05-24 15:00:00,81123
2020-05-24 16:00:00,84823
2020-05-24 17:00:00,88163
2020-05-24 18:00:00,90312
2020-05-24 19:00:00,89995
2020-05-24 20:00:00,85909
2020-05-24 21:00:00,79737
2020-05-24 22:00:00,72402
2020-05-24 23:00:00,67473
2020-05-25 00:00:00,68452
2020-05-25 01:00:00,68249
2020-05-25 02:00:00,67443
2020-05-25 03:00:00,64995
2020-05-25 04:00:00,60889
2020-05-25 05:00:00,55844
2020-05-25 06:00:00,52460
2020-05-25 07:00:00,53547
2020-05-25 08:00:00,54973
2020-05-25 09:00:00,57266
2020-05-25 10:00:00,59372
2020-05-25 11:00:00,64017
2020-05-25 12:00:00,69555
2020-05-25 13:00:00,74093
2020-05-25 14:00:00,77804
2020-05-25 15:00:00,82208
2020-05-25 16:00:00,86519
2020-05-25 17:00:00,90683
2020-05-25 18:00:00,92211
2020-05-25 19:00:00,91912
2020-05-25 20:00:00,89511
2020-05-25 21:00:00,82319
2020-05-25 22:00:00,74136
2020-05-25 23:00:00,68423
2020-05-26 00:00:00,67974
2020-05-26 01:00:00,67580
2020-05-26 02:00:00,66498
2020-05-26 03:00:00,63511
2020-05-26 04:00:00,57469
2020-05-26 05:00:00,51693
2020-05-26 06:00:00,50297
2020-05-26 07:00:00,56953
2020-05-26 08:00:00,58522
2020-05-26 09:00:00,56018
2020-05-26 10:00:00,57699
2020-05-26 11:00:00,62510
2020-05-26 12:00:00,67851
2020-05-26 13:00:00,71344
2020-05-26 14:00:00,74884
2020-05-26 15:00:00,78903
2020-05-26 16:00:00,83688
2020-05-26 17:00:00,87553
2020-05-26 18:00:00,91298
2020-05-26 19:00:00,91104
2020-05-26 20:00:00,86774
2020-05-26 21:00:00,80169
2020-05-26 22:00:00,73669
2020-05-26 23:00:00,67872
2020-05-27 00:00:00,67716
2020-05-27 01:00:00,67367
2020-05-27 02:00:00,65860
2020-05-27 03:00:00,61879
2020-05-27 04:00:00,56313
2020-05-27 05:00:00,50657
2020-05-27 06:00:00,48447
2020-05-27 07:00:00,50514
2020-05-27 08:00:00,53087
2020-05-27 09:00:00,55654
2020-05-27 10:00:00,57144
2020-05-27 11:00:00,62052
2020-05-27 12:00:00,67848
2020-05-27 13:00:00,71589
2020-05-27 14:00:00,74671
2020-05-27 15:00:00,78799
2020-05-27 16:00:00,85075
2020-05-27 17:00:00,89622
2020-05-27 18:00:00,91979
2020-05-27 19:00:00,91806
2020-05-27 20:00:00,88940
2020-05-27 21:00:00,83198
2020-05-27 22:00:00,75803
2020-05-27 23:00:00,73056
2020-05-28 00:00:00,72937
2020-05-28 01:00:00,69899
2020-05-28 02:00:00,67346
2020-05-28 03:00:00,62786
2020-05-28 04:00:00,57516
2020-05-28 05:00:00,52132
2020-05-28 06:00:00,49949
2020-05-28 07:00:00,52073
2020-05-28 08:00:00,54132
2020-05-28 09:00:00,56691
2020-05-28 10:00:00,58125
2020-05-28 11:00:00,62767
2020-05-28 12:00:00,68102
2020-05-28 13:00:00,72238
2020-05-28 14:00:00,75865
2020-05-28 15:00:00,79218
2020-05-28 16:00:00,83812
2020-05-28 17:00:00,89897
2020-05-28 18:00:00,92653
2020-05-28 19:00:00,92929
2020-05-28 20:00:00,90411
2020-05-28 21:00:00,83500
2020-05-28 22:00:00,75692
2020-05-28 23:00:00,69567
2020-05-29 00:00:00,69287
2020-05-29 01:00:00,69147
2020-05-29 02:00:00,67823
2020-05-29 03:00:00,64543
2020-05-29 04:00:00,59160
2020-05-29 05:00:00,53739
2020-05-29 06:00:00,50565
2020-05-29 07:00:00,53532
2020-05-29 08:00:00,57081
2020-05-29 09:00:00,58468
2020-05-29 10:00:00,60638
2020-05-29 11:00:00,65132
2020-05-29 12:00:00,70751
2020-05-29 13:00:00,75437
2020-05-29 14:00:00,78729
2020-05-29 15:00:00,82353
2020-05-29 16:00:00,86350
2020-05-29 17:00:00,91377
2020-05-29 18:00:00,93962
2020-05-29 19:00:00,94327
2020-05-29 20:00:00,93877
2020-05-29 21:00:00,89434
2020-05-29 22:00:00,82617
2020-05-29 23:00:00,76199
2020-05-30 00:00:00,74219
2020-05-30 01:00:00,74701
2020-05-30 02:00:00,74376
2020-05-30 03:00:00,72542
2020-05-30 04:00:00,67595
2020-05-30 05:00:00,62177
2020-05-30 06:00:00,55446
2020-05-30 07:00:00,56567
2020-05-30 08:00:00,59237
2020-05-30 09:00:00,61615
2020-05-30 10:00:00,63217
2020-05-30 11:00:00,65900
2020-05-30 12:00:00,70054
2020-05-30 13:00:00,74318
2020-05-30 14:00:00,76976
2020-05-30 15:00:00,80370
2020-05-30 16:00:00,84781
2020-05-30 17:00:00,88590
2020-05-30 18:00:00,92106
2020-05-30 19:00:00,92531
2020-05-30 20:00:00,92489
2020-05-30 21:00:00,87633
2020-05-30 22:00:00,80484
2020-05-30 23:00:00,74867
2020-05-31 00:00:00,72905
2020-05-31 01:00:00,73353
2020-05-31 02:00:00,73364
2020-05-31 03:00:00,71838
2020-05-31 04:00:00,67729
2020-05-31 05:00:00,62054
2020-05-31 06:00:00,57360
2020-05-31 07:00:00,55720
2020-05-31 08:00:00,58624
2020-05-31 09:00:00,60803
2020-05-31 10:00:00,63747
2020-05-31 11:00:00,71663
2020-05-31 12:00:00,74187
2020-05-31 13:00:00,72075
2020-05-31 14:00:00,76213
2020-05-31 15:00:00,80343
2020-05-31 16:00:00,85281
2020-05-31 17:00:00,89770
2020-05-31 18:00:00,91990
2020-05-31 19:00:00,92380
2020-05-31 20:00:00,90937
2020-05-31 21:00:00,86173
2020-05-31 22:00:00,78769
2020-05-31 23:00:00,74041
2020-06-01 00:00:00,72514
2020-06-01 01:00:00,72301
2020-06-01 02:00:00,70479
2020-06-01 03:00:00,66813
2020-06-01 04:00:00,61306
2020-06-01 05:00:00,54789
2020-06-01 06:00:00,51328
2020-06-01 07:00:00,53341
2020-06-01 08:00:00,56469
2020-06-01 09:00:00,59905
2020-06-01 10:00:00,60923
2020-06-01 11:00:00,63201
2020-06-01 12:00:00,69572
2020-06-01 13:00:00,73019
2020-06-01 14:00:00,76930
2020-06-01 15:00:00,81956
2020-06-01 16:00:00,86221
2020-06-01 17:00:00,92000
2020-06-01 18:00:00,94711
2020-06-01 19:00:00,94503
2020-06-01 20:00:00,93943
2020-06-01 21:00:00,88176
2020-06-01 22:00:00,80222
2020-06-01 23:00:00,73947
2020-06-02 00:00:00,73329
2020-06-02 01:00:00,73077
2020-06-02 02:00:00,71083
2020-06-02 03:00:00,69066
2020-06-02 04:00:00,64491
2020-06-02 05:00:00,56346
2020-06-02 06:00:00,50630
2020-06-02 07:00:00,49340
2020-06-02 08:00:00,50502
2020-06-02 09:00:00,51942
2020-06-02 10:00:00,52312
2020-06-02 11:00:00,56080
2020-06-02 12:00:00,61006
2020-06-02 13:00:00,65487
2020-06-02 14:00:00,70454
2020-06-02 15:00:00,76345
2020-06-02 16:00:00,81594
2020-06-02 17:00:00,85778
2020-06-02 18:00:00,95549
2020-06-02 19:00:00,95720
2020-06-02 20:00:00,93204
2020-06-02 21:00:00,85017
2020-06-02 22:00:00,77924
2020-06-02 23:00:00,71715
2020-06-03 00:00:00,71729
2020-06-03 01:00:00,71357
2020-06-03 02:00:00,69551
2020-06-03 03:00:00,65470
2020-06-03 04:00:00,59534
2020-06-03 05:00:00,52715
2020-06-03 06:00:00,50638
2020-06-03 07:00:00,53585
2020-06-03 08:00:00,56070
2020-06-03 09:00:00,58706
2020-06-03 10:00:00,59926
2020-06-03 11:00:00,65034
2020-06-03 12:00:00,71744
2020-06-03 13:00:00,75921
2020-06-03 14:00:00,80397
2020-06-03 15:00:00,85997
2020-06-03 16:00:00,90676
2020-06-03 17:00:00,95157
2020-06-03 18:00:00,98539
2020-06-03 19:00:00,98311
2020-06-03 20:00:00,94628
2020-06-03 21:00:00,86419
2020-06-03 22:00:00,78290
2020-06-03 23:00:00,72591
2020-06-04 00:00:00,71122
2020-06-04 01:00:00,71030
2020-06-04 02:00:00,69259
2020-06-04 03:00:00,65830
2020-06-04 04:00:00,60105
2020-06-04 05:00:00,53472
2020-06-04 06:00:00,49540
2020-06-04 07:00:00,52447
2020-06-04 08:00:00,53967
2020-06-04 09:00:00,57029
2020-06-04 10:00:00,58286
2020-06-04 11:00:00,63571
2020-06-04 12:00:00,70490
2020-06-04 13:00:00,76179
2020-06-04 14:00:00,81141
2020-06-04 15:00:00,86376
2020-06-04 16:00:00,90867
2020-06-04 17:00:00,95496
2020-06-04 18:00:00,98163
2020-06-04 19:00:00,98076
2020-06-04 20:00:00,93540
2020-06-04 21:00:00,87232
2020-06-04 22:00:00,79591
2020-06-04 23:00:00,73072
2020-06-05 00:00:00,71421
2020-06-05 01:00:00,70993
2020-06-05 02:00:00,68947
2020-06-05 03:00:00,65214
2020-06-05 04:00:00,59376
2020-06-05 05:00:00,53150
2020-06-05 06:00:00,50579
2020-06-05 07:00:00,54060
2020-06-05 08:00:00,57040
2020-06-05 09:00:00,60270
2020-06-05 10:00:00,62550
2020-06-05 11:00:00,69258
2020-06-05 12:00:00,75773
2020-06-05 13:00:00,81748
2020-06-05 14:00:00,86625
2020-06-05 15:00:00,92272
2020-06-05 16:00:00,92963
2020-06-05 17:00:00,95798
2020-06-05 18:00:00,100002
2020-06-05 19:00:00,100260
2020-06-05 20:00:00,99588
2020-06-05 21:00:00,94485
2020-06-05 22:00:00,85993
2020-06-05 23:00:00,79151
2020-06-06 00:00:00,77001
2020-06-06 01:00:00,76963
2020-06-06 02:00:00,75449
2020-06-06 03:00:00,73145
2020-06-06 04:00:00,69421
2020-06-06 05:00:00,63317
2020-06-06 06:00:00,57980
2020-06-06 07:00:00,57115
2020-06-06 08:00:00,60397
2020-06-06 09:00:00,63530
2020-06-06 10:00:00,65402
2020-06-06 11:00:00,69444
2020-06-06 12:00:00,74712
2020-06-06 13:00:00,77540
2020-06-06 14:00:00,77498
2020-06-06 15:00:00,83847
2020-06-06 16:00:00,88862
2020-06-06 17:00:00,92300
2020-06-06 18:00:00,96026
2020-06-06 19:00:00,97540
2020-06-06 20:00:00,96651
2020-06-06 21:00:00,92198
2020-06-06 22:00:00,84091
2020-06-06 23:00:00,77579
2020-06-07 00:00:00,76071
2020-06-07 01:00:00,76625
2020-06-07 02:00:00,76417
2020-06-07 03:00:00,74279
2020-06-07 04:00:00,69850
2020-06-07 05:00:00,58538
2020-06-07 06:00:00,54834
2020-06-07 07:00:00,55456
2020-06-07 08:00:00,57164
2020-06-07 09:00:00,58287
2020-06-07 10:00:00,59385
2020-06-07 11:00:00,62898
2020-06-07 12:00:00,66793
2020-06-07 13:00:00,70490
2020-06-07 14:00:00,74611
2020-06-07 15:00:00,79550
2020-06-07 16:00:00,84563
2020-06-07 17:00:00,88836
2020-06-07 18:00:00,90833
2020-06-07 19:00:00,90463
2020-06-07 20:00:00,87489
2020-06-07 21:00:00,79566
2020-06-07 22:00:00,78152
2020-06-07 23:00:00,75399
2020-06-08 00:00:00,74094
2020-06-08 01:00:00,73825
2020-06-08 02:00:00,72961
2020-06-08 03:00:00,68215
2020-06-08 04:00:00,62223
2020-06-08 05:00:00,56604
2020-06-08 06:00:00,52487
2020-06-08 07:00:00,55210
2020-06-08 08:00:00,57399
2020-06-08 09:00:00,60041
2020-06-08 10:00:00,61853
2020-06-08 11:00:00,66896
2020-06-08 12:00:00,73549
2020-06-08 13:00:00,78795
2020-06-08 14:00:00,84685
2020-06-08 15:00:00,90351
2020-06-08 16:00:00,96302
2020-06-08 17:00:00,100096
2020-06-08 18:00:00,101451
2020-06-08 19:00:00,101013
2020-06-08 20:00:00,98604
2020-06-08 21:00:00,90882
2020-06-08 22:00:00,82639
2020-06-08 23:00:00,75474
2020-06-09 00:00:00,73889
2020-06-09 01:00:00,73520
2020-06-09 02:00:00,70564
2020-06-09 03:00:00,65792
2020-06-09 04:00:00,60551
2020-06-09 05:00:00,54121
2020-06-09 06:00:00,50798
2020-06-09 07:00:00,53540
2020-06-09 08:00:00,56899
2020-06-09 09:00:00,59832
2020-06-09 10:00:00,61580
2020-06-09 11:00:00,67346
2020-06-09 12:00:00,74850
2020-06-09 13:00:00,79878
2020-06-09 14:00:00,85514
2020-06-09 15:00:00,90807
2020-06-09 16:00:00,95220
2020-06-09 17:00:00,99703
2020-06-09 18:00:00,101333
2020-06-09 19:00:00,101086
2020-06-09 20:00:00,98142
2020-06-09 21:00:00,90625
2020-06-09 22:00:00,82722
2020-06-09 23:00:00,75963
2020-06-10 00:00:00,74612
2020-06-10 01:00:00,73508
2020-06-10 02:00:00,70833
2020-06-10 03:00:00,66197
2020-06-10 04:00:00,60265
2020-06-10 05:00:00,53609
2020-06-10 06:00:00,50734
2020-06-10 07:00:00,53402
2020-06-10 08:00:00,56726
2020-06-10 09:00:00,60140
2020-06-10 10:00:00,61923
2020-06-10 11:00:00,67796
2020-06-10 12:00:00,74900
2020-06-10 13:00:00,80234
2020-06-10 14:00:00,84489
2020-06-10 15:00:00,89997
2020-06-10 16:00:00,95204
2020-06-10 17:00:00,100338
2020-06-10 18:00:00,104419
2020-06-10 19:00:00,105480
2020-06-10 20:00:00,101198
2020-06-10 21:00:00,93440
2020-06-10 22:00:00,84108
2020-06-10 23:00:00,75984
2020-06-11 00:00:00,74099
2020-06-11 01:00:00,73351
2020-06-11 02:00:00,73860
2020-06-11 03:00:00,73505
2020-06-11 04:00:00,63583
2020-06-11 05:00:00,55890
2020-06-11 06:00:00,52345
2020-06-11 07:00:00,54348
2020-06-11 08:00:00,56553
2020-06-11 09:00:00,59705
2020-06-11 10:00:00,62208
2020-06-11 11:00:00,67115
2020-06-11 12:00:00,73329
2020-06-11 13:00:00,78161
2020-06-11 14:00:00,83626
2020-06-11 15:00:00,89392
2020-06-11 16:00:00,94945
2020-06-11 17:00:00,99637
2020-06-11 18:00:00,101543
2020-06-11 19:00:00,101379
2020-06-11 20:00:00,99063
2020-06-11 21:00:00,91386
2020-06-11 22:00:00,76753
2020-06-11 23:00:00,73487
2020-06-12 00:00:00,72760
2020-06-12 01:00:00,72215
2020-06-12 02:00:00,70772
2020-06-12 03:00:00,67512
2020-06-12 04:00:00,61378
2020-06-12 05:00:00,55431
2020-06-12 06:00:00,51669
2020-06-12 07:00:00,54594
2020-06-12 08:00:00,57561
2020-06-12 09:00:00,61896
2020-06-12 10:00:00,65734
2020-06-12 11:00:00,74622
2020-06-12 12:00:00,79915
2020-06-12 13:00:00,80852
2020-06-12 14:00:00,84220
2020-06-12 15:00:00,87266
2020-06-12 16:00:00,90299
2020-06-12 17:00:00,94158
2020-06-12 18:00:00,98986
2020-06-12 19:00:00,100011
2020-06-12 20:00:00,99802
2020-06-12 21:00:00,95229
2020-06-12 22:00:00,91162
2020-06-12 23:00:00,84734
2020-06-13 00:00:00,82507
2020-06-13 01:00:00,82151
2020-06-13 02:00:00,81411
2020-06-13 03:00:00,77935
2020-06-13 04:00:00,72787
2020-06-13 05:00:00,66241
2020-06-13 06:00:00,60265
2020-06-13 07:00:00,59808
2020-06-13 08:00:00,62501
2020-06-13 09:00:00,65753
2020-06-13 10:00:00,66885
2020-06-13 11:00:00,70046
2020-06-13 12:00:00,74407
2020-06-13 13:00:00,79093
2020-06-13 14:00:00,83615
2020-06-13 15:00:00,86284
2020-06-13 16:00:00,87693
2020-06-13 17:00:00,90206
2020-06-13 18:00:00,92222
2020-06-13 19:00:00,92394
2020-06-13 20:00:00,94081
2020-06-13 21:00:00,92022
2020-06-13 22:00:00,86137
2020-06-13 23:00:00,80004
2020-06-14 00:00:00,78236
2020-06-14 01:00:00,78054
2020-06-14 02:00:00,77594
2020-06-14 03:00:00,76149
2020-06-14 04:00:00,70980
2020-06-14 05:00:00,64879
2020-06-14 06:00:00,59776
2020-06-14 07:00:00,58252
2020-06-14 08:00:00,60807
2020-06-14 09:00:00,64274
2020-06-14 10:00:00,65570
2020-06-14 11:00:00,68616
2020-06-14 12:00:00,73102
2020-06-14 13:00:00,77029
2020-06-14 14:00:00,80508
2020-06-14 15:00:00,85462
2020-06-14 16:00:00,90493
2020-06-14 17:00:00,96074
2020-06-14 18:00:00,99203
2020-06-14 19:00:00,98744
2020-06-14 20:00:00,95588
2020-06-14 21:00:00,88436
2020-06-14 22:00:00,81689
2020-06-14 23:00:00,72003
2020-06-15 00:00:00,69651
2020-06-15 01:00:00,69362
2020-06-15 02:00:00,67973
2020-06-15 03:00:00,63918
2020-06-15 04:00:00,58601
2020-06-15 05:00:00,52282
2020-06-15 06:00:00,50298
2020-06-15 07:00:00,51867
2020-06-15 08:00:00,55292
2020-06-15 09:00:00,57942
2020-06-15 10:00:00,58902
2020-06-15 11:00:00,64782
2020-06-15 12:00:00,71293
2020-06-15 13:00:00,75911
2020-06-15 14:00:00,81857
2020-06-15 15:00:00,86970
2020-06-15 16:00:00,89757
2020-06-15 17:00:00,90870
2020-06-15 18:00:00,99940
2020-06-15 19:00:00,99683
2020-06-15 20:00:00,95739
2020-06-15 21:00:00,87916
2020-06-15 22:00:00,80286
2020-06-15 23:00:00,77178
2020-06-16 00:00:00,77222
2020-06-16 01:00:00,72559
2020-06-16 02:00:00,67475
2020-06-16 03:00:00,63846
2020-06-16 04:00:00,57090
2020-06-16 05:00:00,51012
2020-06-16 06:00:00,48166
2020-06-16 07:00:00,51450
2020-06-16 08:00:00,54398
2020-06-16 09:00:00,57229
2020-06-16 10:00:00,60469
2020-06-16 11:00:00,66031
2020-06-16 12:00:00,72179
2020-06-16 13:00:00,76983
2020-06-16 14:00:00,82097
2020-06-16 15:00:00,86828
2020-06-16 16:00:00,91476
2020-06-16 17:00:00,95861
2020-06-16 18:00:00,96614
2020-06-16 19:00:00,96886
2020-06-16 20:00:00,94460
2020-06-16 21:00:00,87788
2020-06-16 22:00:00,79224
2020-06-16 23:00:00,72047
2020-06-17 00:00:00,70611
2020-06-17 01:00:00,69554
2020-06-17 02:00:00,68779
2020-06-17 03:00:00,67713
2020-06-17 04:00:00,63230
2020-06-17 05:00:00,54464
2020-06-17 06:00:00,50569
2020-06-17 07:00:00,51687
2020-06-17 08:00:00,53940
2020-06-17 09:00:00,57205
2020-06-17 10:00:00,59089
2020-06-17 11:00:00,64837
2020-06-17 12:00:00,71097
2020-06-17 13:00:00,75406
2020-06-17 14:00:00,81738
2020-06-17 15:00:00,90338
2020-06-17 16:00:00,92057
2020-06-17 17:00:00,93326
2020-06-17 18:00:00,94638
2020-06-17 19:00:00,94316
2020-06-17 20:00:00,91938
2020-06-17 21:00:00,85014
2020-06-17 22:00:00,77112
2020-06-17 23:00:00,69780
2020-06-18 00:00:00,67092
2020-06-18 01:00:00,66796
2020-06-18 02:00:00,64925
2020-06-18 03:00:00,61341
2020-06-18 04:00:00,56274
2020-06-18 05:00:00,50496
2020-06-18 06:00:00,47725
2020-06-18 07:00:00,49603
2020-06-18 08:00:00,52984
2020-06-18 09:00:00,57014
2020-06-18 10:00:00,58878
2020-06-18 11:00:00,63905
2020-06-18 12:00:00,69461
2020-06-18 13:00:00,74028
2020-06-18 14:00:00,79385
2020-06-18 15:00:00,84022
2020-06-18 16:00:00,88162
2020-06-18 17:00:00,91574
2020-06-18 18:00:00,94985
2020-06-18 19:00:00,95016
2020-06-18 20:00:00,92638
2020-06-18 21:00:00,85460
2020-06-18 22:00:00,76506
2020-06-18 23:00:00,69307
2020-06-19 00:00:00,64953
2020-06-19 01:00:00,64657
2020-06-19 02:00:00,62428
2020-06-19 03:00:00,59409
2020-06-19 04:00:00,54074
2020-06-19 05:00:00,48299
2020-06-19 06:00:00,45072
2020-06-19 07:00:00,47532
2020-06-19 08:00:00,50353
2020-06-19 09:00:00,53787
2020-06-19 10:00:00,56484
2020-06-19 11:00:00,61314
2020-06-19 12:00:00,67053
2020-06-19 13:00:00,70464
2020-06-19 14:00:00,77735
2020-06-19 15:00:00,83812
2020-06-19 16:00:00,86516
2020-06-19 17:00:00,89918
2020-06-19 18:00:00,94467
2020-06-19 19:00:00,96270
2020-06-19 20:00:00,95258
2020-06-19 21:00:00,90192
2020-06-19 22:00:00,82452
2020-06-19 23:00:00,76377
2020-06-20 00:00:00,74321
2020-06-20 01:00:00,73950
2020-06-20 02:00:00,73447
2020-06-20 03:00:00,71341
2020-06-20 04:00:00,67437
2020-06-20 05:00:00,61261
2020-06-20 06:00:00,56856
2020-06-20 07:00:00,55653
2020-06-20 08:00:00,58276
2020-06-20 09:00:00,62234
2020-06-20 10:00:00,63838
2020-06-20 11:00:00,66930
2020-06-20 12:00:00,71535
2020-06-20 13:00:00,75252
2020-06-20 14:00:00,77666
2020-06-20 15:00:00,81634
2020-06-20 16:00:00,83912
2020-06-20 17:00:00,86457
2020-06-20 18:00:00,90108
2020-06-20 19:00:00,91196
2020-06-20 20:00:00,90735
2020-06-20 21:00:00,86609
2020-06-20 22:00:00,79855
2020-06-20 23:00:00,74107
2020-06-21 00:00:00,71897
2020-06-21 01:00:00,72659
2020-06-21 02:00:00,72639
2020-06-21 03:00:00,71547
2020-06-21 04:00:00,68288
2020-06-21 05:00:00,61147
2020-06-21 06:00:00,54955
2020-06-21 07:00:00,54189
2020-06-21 08:00:00,56418
2020-06-21 09:00:00,58186
2020-06-21 10:00:00,59351
2020-06-21 11:00:00,61925
2020-06-21 12:00:00,64992
2020-06-21 13:00:00,68433
2020-06-21 14:00:00,72993
2020-06-21 15:00:00,76575
2020-06-21 16:00:00,80832
2020-06-21 17:00:00,85854
2020-06-21 18:00:00,87859
2020-06-21 19:00:00,87833
2020-06-21 20:00:00,85395
2020-06-21 21:00:00,78612
2020-06-21 22:00:00,71536
2020-06-21 23:00:00,69770
2020-06-22 00:00:00,67057
2020-06-22 01:00:00,67335
2020-06-22 02:00:00,66688
2020-06-22 03:00:00,63243
2020-06-22 04:00:00,57640
2020-06-22 05:00:00,52933
2020-06-22 06:00:00,50441
2020-06-22 07:00:00,53076
2020-06-22 08:00:00,55722
2020-06-22 09:00:00,59115
2020-06-22 10:00:00,61004
2020-06-22 11:00:00,66706
2020-06-22 12:00:00,72638
2020-06-22 13:00:00,77644
2020-06-22 14:00:00,82618
2020-06-22 15:00:00,88025
2020-06-22 16:00:00,93220
2020-06-22 17:00:00,97170
2020-06-22 18:00:00,100879
2020-06-22 19:00:00,101547
2020-06-22 20:00:00,99516
2020-06-22 21:00:00,92639
2020-06-22 22:00:00,81948
2020-06-22 23:00:00,74583
2020-06-23 00:00:00,65820
2020-06-23 01:00:00,66875
2020-06-23 02:00:00,66730
2020-06-23 03:00:00,64695
2020-06-23 04:00:00,59291
2020-06-23 05:00:00,53007
2020-06-23 06:00:00,49229
2020-06-23 07:00:00,51667
2020-06-23 08:00:00,54455
2020-06-23 09:00:00,57326
2020-06-23 10:00:00,59714
2020-06-23 11:00:00,63647
2020-06-23 12:00:00,68452
2020-06-23 13:00:00,69641
2020-06-23 14:00:00,75249
2020-06-23 15:00:00,81490
2020-06-23 16:00:00,86024
2020-06-23 17:00:00,90495
2020-06-23 18:00:00,95385
2020-06-23 19:00:00,95708
2020-06-23 20:00:00,92965
2020-06-23 21:00:00,85220
2020-06-23 22:00:00,76613
2020-06-23 23:00:00,70324
2020-06-24 00:00:00,61835
2020-06-24 01:00:00,61959
2020-06-24 02:00:00,60947
2020-06-24 03:00:00,57718
2020-06-24 04:00:00,53322
2020-06-24 05:00:00,49529
2020-06-24 06:00:00,47764
2020-06-24 07:00:00,50891
2020-06-24 08:00:00,54427
2020-06-24 09:00:00,56835
2020-06-24 10:00:00,59200
2020-06-24 11:00:00,63438
2020-06-24 12:00:00,69492
2020-06-24 13:00:00,74064
2020-06-24 14:00:00,78259
2020-06-24 15:00:00,81214
2020-06-24 16:00:00,85006
2020-06-24 17:00:00,91123
2020-06-24 18:00:00,94621
2020-06-24 19:00:00,94726
2020-06-24 20:00:00,92011
2020-06-24 21:00:00,85843
2020-06-24 22:00:00,77101
2020-06-24 23:00:00,70203
2020-06-25 00:00:00,69252
2020-06-25 01:00:00,69312
2020-06-25 02:00:00,67766
2020-06-25 03:00:00,64602
2020-06-25 04:00:00,59769
2020-06-25 05:00:00,54249
2020-06-25 06:00:00,50566
2020-06-25 07:00:00,52932
2020-06-25 08:00:00,55310
2020-06-25 09:00:00,58014
2020-06-25 10:00:00,58939
2020-06-25 11:00:00,62241
2020-06-25 12:00:00,66986
2020-06-25 13:00:00,71647
2020-06-25 14:00:00,75134
2020-06-25 15:00:00,80159
2020-06-25 16:00:00,84340
2020-06-25 17:00:00,88607
2020-06-25 18:00:00,92325
2020-06-25 19:00:00,92544
2020-06-25 20:00:00,90466
2020-06-25 21:00:00,83794
2020-06-25 22:00:00,73799
2020-06-25 23:00:00,68629
2020-06-26 00:00:00,67728
2020-06-26 01:00:00,67444
2020-06-26 02:00:00,66481
2020-06-26 03:00:00,63664
2020-06-26 04:00:00,58760
2020-06-26 05:00:00,53001
2020-06-26 06:00:00,52879
2020-06-26 07:00:00,59815
2020-06-26 08:00:00,61838
2020-06-26 09:00:00,59629
2020-06-26 10:00:00,60542
2020-06-26 11:00:00,64963
2020-06-26 12:00:00,68595
2020-06-26 13:00:00,70964
2020-06-26 14:00:00,71361
2020-06-26 15:00:00,77759
2020-06-26 16:00:00,79339
2020-06-26 17:00:00,83658
2020-06-26 18:00:00,91213
2020-06-26 19:00:00,92393
2020-06-26 20:00:00,90841
2020-06-26 21:00:00,85953
2020-06-26 22:00:00,78171
2020-06-26 23:00:00,71718
2020-06-27 00:00:00,69732
2020-06-27 01:00:00,70189
2020-06-27 02:00:00,69790
2020-06-27 03:00:00,68083
2020-06-27 04:00:00,63599
2020-06-27 05:00:00,58455
2020-06-27 06:00:00,53932
2020-06-27 07:00:00,53565
2020-06-27 08:00:00,56261
2020-06-27 09:00:00,58643
2020-06-27 10:00:00,59850
2020-06-27 11:00:00,62861
2020-06-27 12:00:00,66828
2020-06-27 13:00:00,69647
2020-06-27 14:00:00,72819
2020-06-27 15:00:00,73567
2020-06-27 16:00:00,79876
2020-06-27 17:00:00,83558
2020-06-27 18:00:00,87129
2020-06-27 19:00:00,87619
2020-06-27 20:00:00,87243
2020-06-27 21:00:00,83861
2020-06-27 22:00:00,79034
2020-06-27 23:00:00,76070
2020-06-28 00:00:00,75933
2020-06-28 01:00:00,73154
2020-06-28 02:00:00,69968
2020-06-28 03:00:00,67500
2020-06-28 04:00:00,63796
2020-06-28 05:00:00,58739
2020-06-28 06:00:00,54130
2020-06-28 07:00:00,52778
2020-06-28 08:00:00,55308
2020-06-28 09:00:00,57978
2020-06-28 10:00:00,60300
2020-06-28 11:00:00,63256
2020-06-28 12:00:00,66692
2020-06-28 13:00:00,69059
2020-06-28 14:00:00,72056
2020-06-28 15:00:00,75918
2020-06-28 16:00:00,79977
2020-06-28 17:00:00,84607
2020-06-28 18:00:00,88665
2020-06-28 19:00:00,88927
2020-06-28 20:00:00,85449
2020-06-28 21:00:00,82076
2020-06-28 22:00:00,74324
2020-06-28 23:00:00,69343
2020-06-29 00:00:00,67598
2020-06-29 01:00:00,67172
2020-06-29 02:00:00,65207
2020-06-29 03:00:00,61988
2020-06-29 04:00:00,57314
2020-06-29 05:00:00,51562
2020-06-29 06:00:00,48094
2020-06-29 07:00:00,49671
2020-06-29 08:00:00,53526
2020-06-29 09:00:00,56842
2020-06-29 10:00:00,58669
2020-06-29 11:00:00,63331
2020-06-29 12:00:00,68614
2020-06-29 13:00:00,72980
2020-06-29 14:00:00,77573
2020-06-29 15:00:00,83047
2020-06-29 16:00:00,86910
2020-06-29 17:00:00,91099
2020-06-29 18:00:00,94133
2020-06-29 19:00:00,94599
2020-06-29 20:00:00,92576
2020-06-29 21:00:00,85887
2020-06-29 22:00:00,78038
2020-06-29 23:00:00,71259
2020-06-30 00:00:00,68992
2020-06-30 01:00:00,68185
2020-06-30 02:00:00,66595
2020-06-30 03:00:00,63143
2020-06-30 04:00:00,57748
2020-06-30 05:00:00,52635
2020-06-30 06:00:00,49022
2020-06-30 07:00:00,51145
2020-06-30 08:00:00,53887
2020-06-30 09:00:00,57542
2020-06-30 10:00:00,59037
2020-06-30 11:00:00,63389
2020-06-30 12:00:00,68630
2020-06-30 13:00:00,72799
2020-06-30 14:00:00,77264
2020-06-30 15:00:00,81663
2020-06-30 16:00:00,85753
2020-06-30 17:00:00,90238
2020-06-30 18:00:00,94242
2020-06-30 19:00:00,94662
2020-06-30 20:00:00,92807
2020-06-30 21:00:00,86037
2020-06-30 22:00:00,77777
2020-06-30 23:00:00,70782
2020-07-01 00:00:00,67666
2020-07-01 01:00:00,67171
2020-07-01 02:00:00,65694
2020-07-01 03:00:00,61075
2020-07-01 04:00:00,57234
2020-07-01 05:00:00,52209
2020-07-01 06:00:00,46129
2020-07-01 07:00:00,48690
2020-07-01 08:00:00,52344
2020-07-01 09:00:00,55961
2020-07-01 10:00:00,60067
2020-07-01 11:00:00,71212
2020-07-01 12:00:00,75402
2020-07-01 13:00:00,73130
2020-07-01 14:00:00,69921
2020-07-01 15:00:00,64378
2020-07-01 16:00:00,65262
2020-07-01 17:00:00,73517
2020-07-01 18:00:00,85914
2020-07-01 19:00:00,94365
2020-07-01 20:00:00,94229
2020-07-01 21:00:00,92775
2020-07-01 22:00:00,84468
2020-07-01 23:00:00,76433
2020-07-02 00:00:00,72674
2020-07-02 01:00:00,68987
2020-07-02 02:00:00,67871
2020-07-02 03:00:00,64871
2020-07-02 04:00:00,59701
2020-07-02 05:00:00,54164
2020-07-02 06:00:00,51164
2020-07-02 07:00:00,53048
2020-07-02 08:00:00,56121
2020-07-02 09:00:00,60656
2020-07-02 10:00:00,62846
2020-07-02 11:00:00,68028
2020-07-02 12:00:00,72479
2020-07-02 13:00:00,76658
2020-07-02 14:00:00,79229
2020-07-02 15:00:00,83309
2020-07-02 16:00:00,86849
2020-07-02 17:00:00,91523
2020-07-02 18:00:00,94523
2020-07-02 19:00:00,94390
2020-07-02 20:00:00,93177
2020-07-02 21:00:00,86487
2020-07-02 22:00:00,79280
2020-07-02 23:00:00,72083
2020-07-03 00:00:00,69399
2020-07-03 01:00:00,69115
2020-07-03 02:00:00,68140
2020-07-03 03:00:00,66433
2020-07-03 04:00:00,64484
2020-07-03 05:00:00,56435
2020-07-03 06:00:00,50884
2020-07-03 07:00:00,51946
2020-07-03 08:00:00,55369
2020-07-03 09:00:00,59317
2020-07-03 10:00:00,61492
2020-07-03 11:00:00,67153
2020-07-03 12:00:00,72078
2020-07-03 13:00:00,75905
2020-07-03 14:00:00,78684
2020-07-03 15:00:00,81198
2020-07-03 16:00:00,82530
2020-07-03 17:00:00,85638
2020-07-03 18:00:00,88799
2020-07-03 19:00:00,89942
2020-07-03 20:00:00,88897
2020-07-03 21:00:00,83875
2020-07-03 22:00:00,76191
2020-07-03 23:00:00,67960
2020-07-04 00:00:00,64150
2020-07-04 01:00:00,65452
2020-07-04 02:00:00,65932
2020-07-04 03:00:00,63582
2020-07-04 04:00:00,59352
2020-07-04 05:00:00,55491
2020-07-04 06:00:00,50983
2020-07-04 07:00:00,53323
2020-07-04 08:00:00,56606
2020-07-04 09:00:00,60057
2020-07-04 10:00:00,61929
2020-07-04 11:00:00,65727
2020-07-04 12:00:00,70632
2020-07-04 13:00:00,74715
2020-07-04 14:00:00,77268
2020-07-04 15:00:00,79103
2020-07-04 16:00:00,81744
2020-07-04 17:00:00,84029
2020-07-04 18:00:00,86620
2020-07-04 19:00:00,86591
2020-07-04 20:00:00,85565
2020-07-04 21:00:00,79593
2020-07-04 22:00:00,73228
2020-07-04 23:00:00,65912
2020-07-05 00:00:00,62940
2020-07-05 01:00:00,60873
2020-07-05 02:00:00,60069
2020-07-05 03:00:00,59752
2020-07-05 04:00:00,57111
2020-07-05 05:00:00,54160
2020-07-05 06:00:00,51394
2020-07-05 07:00:00,52716
2020-07-05 08:00:00,54870
2020-07-05 09:00:00,58038
2020-07-05 10:00:00,60906
2020-07-05 11:00:00,63600
2020-07-05 12:00:00,67394
2020-07-05 13:00:00,69850
2020-07-05 14:00:00,72530
2020-07-05 15:00:00,76423
2020-07-05 16:00:00,80581
2020-07-05 17:00:00,85519
2020-07-05 18:00:00,88773
2020-07-05 19:00:00,89558
2020-07-05 20:00:00,87982
2020-07-05 21:00:00,82202
2020-07-05 22:00:00,75522
2020-07-05 23:00:00,69980
2020-07-06 00:00:00,69105
2020-07-06 01:00:00,69064
2020-07-06 02:00:00,68155
2020-07-06 03:00:00,64922
2020-07-06 04:00:00,59565
2020-07-06 05:00:00,54555
2020-07-06 06:00:00,50401
2020-07-06 07:00:00,51136
2020-07-06 08:00:00,54397
2020-07-06 09:00:00,57050
2020-07-06 10:00:00,54815
2020-07-06 11:00:00,59278
2020-07-06 12:00:00,67941
2020-07-06 13:00:00,74549
2020-07-06 14:00:00,80309
2020-07-06 15:00:00,85566
2020-07-06 16:00:00,87407
2020-07-06 17:00:00,87085
2020-07-06 18:00:00,90805
2020-07-06 19:00:00,91087
2020-07-06 20:00:00,89553
2020-07-06 21:00:00,85991
2020-07-06 22:00:00,79725
2020-07-06 23:00:00,73488
2020-07-07 00:00:00,71330
2020-07-07 01:00:00,70742
2020-07-07 02:00:00,69690
2020-07-07 03:00:00,67036
2020-07-07 04:00:00,61205
2020-07-07 05:00:00,54834
2020-07-07 06:00:00,49551
2020-07-07 07:00:00,49806
2020-07-07 08:00:00,54048
2020-07-07 09:00:00,57251
2020-07-07 10:00:00,59729
2020-07-07 11:00:00,64474
2020-07-07 12:00:00,69051
2020-07-07 13:00:00,73226
2020-07-07 14:00:00,77203
2020-07-07 15:00:00,84948
2020-07-07 16:00:00,89016
2020-07-07 17:00:00,93748
2020-07-07 18:00:00,96622
2020-07-07 19:00:00,96831
2020-07-07 20:00:00,95208
2020-07-07 21:00:00,89158
2020-07-07 22:00:00,82533
2020-07-07 23:00:00,78160
2020-07-08 00:00:00,77631
2020-07-08 01:00:00,77578
2020-07-08 02:00:00,75191
2020-07-08 03:00:00,71414
2020-07-08 04:00:00,60049
2020-07-08 05:00:00,57406
2020-07-08 06:00:00,54542
2020-07-08 07:00:00,58680
2020-07-08 08:00:00,61223
2020-07-08 09:00:00,63902
2020-07-08 10:00:00,65323
2020-07-08 11:00:00,70062
2020-07-08 12:00:00,74549
2020-07-08 13:00:00,77390
2020-07-08 14:00:00,79881
2020-07-08 15:00:00,83905
2020-07-08 16:00:00,92271
2020-07-08 17:00:00,96838
2020-07-08 18:00:00,101590
2020-07-08 19:00:00,102516
2020-07-08 20:00:00,100655
2020-07-08 21:00:00,95639
2020-07-08 22:00:00,86725
2020-07-08 23:00:00,80235
2020-07-09 00:00:00,78177
2020-07-09 01:00:00,77708
2020-07-09 02:00:00,75864
2020-07-09 03:00:00,71943
2020-07-09 04:00:00,65794
2020-07-09 05:00:00,60149
2020-07-09 06:00:00,55385
2020-07-09 07:00:00,54873
2020-07-09 08:00:00,58665
2020-07-09 09:00:00,62532
2020-07-09 10:00:00,64480
2020-07-09 11:00:00,68727
2020-07-09 12:00:00,74727
2020-07-09 13:00:00,78804
2020-07-09 14:00:00,83333
2020-07-09 15:00:00,87684
2020-07-09 16:00:00,92349
2020-07-09 17:00:00,97129
2020-07-09 18:00:00,100367
2020-07-09 19:00:00,100253
2020-07-09 20:00:00,99575
2020-07-09 21:00:00,93301
2020-07-09 22:00:00,85703
2020-07-09 23:00:00,79276
2020-07-10 00:00:00,76330
2020-07-10 01:00:00,76165
2020-07-10 02:00:00,74460
2020-07-10 03:00:00,71360
2020-07-10 04:00:00,65383
2020-07-10 05:00:00,59690
2020-07-10 06:00:00,54974
2020-07-10 07:00:00,55354
2020-07-10 08:00:00,59169
2020-07-10 09:00:00,63023
2020-07-10 10:00:00,65448
2020-07-10 11:00:00,71512
2020-07-10 12:00:00,77559
2020-07-10 13:00:00,82159
2020-07-10 14:00:00,85623
2020-07-10 15:00:00,88785
2020-07-10 16:00:00,90898
2020-07-10 17:00:00,95461
2020-07-10 18:00:00,98979
2020-07-10 19:00:00,100490
2020-07-10 20:00:00,100035
2020-07-10 21:00:00,95735
2020-07-10 22:00:00,87943
2020-07-10 23:00:00,80410
2020-07-11 00:00:00,77563
2020-07-11 01:00:00,77841
2020-07-11 02:00:00,77388
2020-07-11 03:00:00,74698
2020-07-11 04:00:00,70110
2020-07-11 05:00:00,64365
2020-07-11 06:00:00,59352
2020-07-11 07:00:00,57482
2020-07-11 08:00:00,60034
2020-07-11 09:00:00,63315
2020-07-11 10:00:00,65399
2020-07-11 11:00:00,69198
2020-07-11 12:00:00,74122
2020-07-11 13:00:00,78111
2020-07-11 14:00:00,82530
2020-07-11 15:00:00,85376
2020-07-11 16:00:00,88622
2020-07-11 17:00:00,93391
2020-07-11 18:00:00,98339
2020-07-11 19:00:00,101804
2020-07-11 20:00:00,100135
2020-07-11 21:00:00,94271
2020-07-11 22:00:00,85805
2020-07-11 23:00:00,79519
2020-07-12 00:00:00,76317
2020-07-12 01:00:00,75850
2020-07-12 02:00:00,75756
2020-07-12 03:00:00,74017
2020-07-12 04:00:00,69838
2020-07-12 05:00:00,64125
2020-07-12 06:00:00,59944
2020-07-12 07:00:00,58244
2020-07-12 08:00:00,60263
2020-07-12 09:00:00,63254
2020-07-12 10:00:00,65042
2020-07-12 11:00:00,68142
2020-07-12 12:00:00,71674
2020-07-12 13:00:00,73256
2020-07-12 14:00:00,77163
2020-07-12 15:00:00,82748
2020-07-12 16:00:00,87421
2020-07-12 17:00:00,93299
2020-07-12 18:00:00,97541
2020-07-12 19:00:00,97643
2020-07-12 20:00:00,96765
2020-07-12 21:00:00,91087
2020-07-12 22:00:00,82427
2020-07-12 23:00:00,77085
2020-07-13 00:00:00,75828
2020-07-13 01:00:00,75506
2020-07-13 02:00:00,74579
2020-07-13 03:00:00,70507
2020-07-13 04:00:00,66537
2020-07-13 05:00:00,60145
2020-07-13 06:00:00,55006
2020-07-13 07:00:00,55146
2020-07-13 08:00:00,59076
2020-07-13 09:00:00,62533
2020-07-13 10:00:00,66272
2020-07-13 11:00:00,72151
2020-07-13 12:00:00,75705
2020-07-13 13:00:00,79295
2020-07-13 14:00:00,81937
2020-07-13 15:00:00,86084
2020-07-13 16:00:00,91741
2020-07-13 17:00:00,96524
2020-07-13 18:00:00,100270
2020-07-13 19:00:00,100171
2020-07-13 20:00:00,99441
2020-07-13 21:00:00,92912
2020-07-13 22:00:00,86128
2020-07-13 23:00:00,79859
2020-07-14 00:00:00,78246
2020-07-14 01:00:00,77679
2020-07-14 02:00:00,76592
2020-07-14 03:00:00,73269
2020-07-14 04:00:00,67232
2020-07-14 05:00:00,60651
2020-07-14 06:00:00,54641
2020-07-14 07:00:00,55520
2020-07-14 08:00:00,58423
2020-07-14 09:00:00,62106
2020-07-14 10:00:00,64693
2020-07-14 11:00:00,69680
2020-07-14 12:00:00,75000
2020-07-14 13:00:00,79919
2020-07-14 14:00:00,84170
2020-07-14 15:00:00,88599
2020-07-14 16:00:00,92328
2020-07-14 17:00:00,97733
2020-07-14 18:00:00,101329
2020-07-14 19:00:00,101051
2020-07-14 20:00:00,99918
2020-07-14 21:00:00,96312
2020-07-14 22:00:00,87135
2020-07-14 23:00:00,79531
2020-07-15 00:00:00,78161
2020-07-15 01:00:00,78100
2020-07-15 02:00:00,77599
2020-07-15 03:00:00,74127
2020-07-15 04:00:00,68840
2020-07-15 05:00:00,61114
2020-07-15 06:00:00,56129
2020-07-15 07:00:00,56678
2020-07-15 08:00:00,59697
2020-07-15 09:00:00,63010
2020-07-15 10:00:00,64972
2020-07-15 11:00:00,69757
2020-07-15 12:00:00,74987
2020-07-15 13:00:00,79425
2020-07-15 14:00:00,83914
2020-07-15 15:00:00,87844
2020-07-15 16:00:00,92844
2020-07-15 17:00:00,97667
2020-07-15 18:00:00,100066
2020-07-15 19:00:00,100035
2020-07-15 20:00:00,99471
2020-07-15 21:00:00,93630
2020-07-15 22:00:00,86210
2020-07-15 23:00:00,78702
2020-07-16 00:00:00,76729
2020-07-16 01:00:00,76563
2020-07-16 02:00:00,75856
2020-07-16 03:00:00,72373
2020-07-16 04:00:00,66818
2020-07-16 05:00:00,60464
2020-07-16 06:00:00,54853
2020-07-16 07:00:00,55012
2020-07-16 08:00:00,58387
2020-07-16 09:00:00,62450
2020-07-16 10:00:00,63697
2020-07-16 11:00:00,69128
2020-07-16 12:00:00,74244
2020-07-16 13:00:00,78152
2020-07-16 14:00:00,83847
2020-07-16 15:00:00,87690
2020-07-16 16:00:00,92198
2020-07-16 17:00:00,98569
2020-07-16 18:00:00,101406
2020-07-16 19:00:00,101672
2020-07-16 20:00:00,100652
2020-07-16 21:00:00,96407
2020-07-16 22:00:00,88647
2020-07-16 23:00:00,84317
2020-07-17 00:00:00,80967
2020-07-17 01:00:00,79480
2020-07-17 02:00:00,78782
2020-07-17 03:00:00,75111
2020-07-17 04:00:00,69323
2020-07-17 05:00:00,61964
2020-07-17 06:00:00,57057
2020-07-17 07:00:00,56940
2020-07-17 08:00:00,59512
2020-07-17 09:00:00,63473
2020-07-17 10:00:00,66126
2020-07-17 11:00:00,70053
2020-07-17 12:00:00,75522
2020-07-17 13:00:00,79079
2020-07-17 14:00:00,83162
2020-07-17 15:00:00,86850
2020-07-17 16:00:00,90405
2020-07-17 17:00:00,95066
2020-07-17 18:00:00,99294
2020-07-17 19:00:00,100385
2020-07-17 20:00:00,99626
2020-07-17 21:00:00,95215
2020-07-17 22:00:00,76250
2020-07-17 23:00:00,76232
2020-07-18 00:00:00,76319
2020-07-18 01:00:00,76895
2020-07-18 02:00:00,76754
2020-07-18 03:00:00,73851
2020-07-18 04:00:00,69898
2020-07-18 05:00:00,63374
2020-07-18 06:00:00,58492
2020-07-18 07:00:00,56072
2020-07-18 08:00:00,59079
2020-07-18 09:00:00,60999
2020-07-18 10:00:00,62107
2020-07-18 11:00:00,66495
2020-07-18 12:00:00,70759
2020-07-18 13:00:00,75431
2020-07-18 14:00:00,81830
2020-07-18 15:00:00,87959
2020-07-18 16:00:00,90867
2020-07-18 17:00:00,92887
2020-07-18 18:00:00,94876
2020-07-18 19:00:00,94507
2020-07-18 20:00:00,93829
2020-07-18 21:00:00,89771
2020-07-18 22:00:00,82723
2020-07-18 23:00:00,78975
2020-07-19 00:00:00,77653
2020-07-19 01:00:00,77840
2020-07-19 02:00:00,77380
2020-07-19 03:00:00,74318
2020-07-19 04:00:00,70655
2020-07-19 05:00:00,65145
2020-07-19 06:00:00,60185
2020-07-19 07:00:00,57608
2020-07-19 08:00:00,59166
2020-07-19 09:00:00,62446
2020-07-19 10:00:00,64036
2020-07-19 11:00:00,66536
2020-07-19 12:00:00,70860
2020-07-19 13:00:00,74633
2020-07-19 14:00:00,78397
2020-07-19 15:00:00,83125
2020-07-19 16:00:00,87238
2020-07-19 17:00:00,94023
2020-07-19 18:00:00,98883
2020-07-19 19:00:00,99641
2020-07-19 20:00:00,98866
2020-07-19 21:00:00,93891
2020-07-19 22:00:00,85384
2020-07-19 23:00:00,78857
2020-07-20 00:00:00,78326
2020-07-20 01:00:00,78100
2020-07-20 02:00:00,76220
2020-07-20 03:00:00,72526
2020-07-20 04:00:00,67331
2020-07-20 05:00:00,60905
2020-07-20 06:00:00,56753
2020-07-20 07:00:00,57394
2020-07-20 08:00:00,60590
2020-07-20 09:00:00,62852
2020-07-20 10:00:00,64032
2020-07-20 11:00:00,67443
2020-07-20 12:00:00,71586
2020-07-20 13:00:00,76436
2020-07-20 14:00:00,81499
2020-07-20 15:00:00,86506
2020-07-20 16:00:00,91509
2020-07-20 17:00:00,97803
2020-07-20 18:00:00,101603
2020-07-20 19:00:00,103157
2020-07-20 20:00:00,101842
2020-07-20 21:00:00,96279
2020-07-20 22:00:00,87739
2020-07-20 23:00:00,80632
2020-07-21 00:00:00,77977
2020-07-21 01:00:00,77491
2020-07-21 02:00:00,75683
2020-07-21 03:00:00,72686
2020-07-21 04:00:00,66172
2020-07-21 05:00:00,58929
2020-07-21 06:00:00,54697
2020-07-21 07:00:00,57041
2020-07-21 08:00:00,59901
2020-07-21 09:00:00,61503
2020-07-21 10:00:00,63114
2020-07-21 11:00:00,67276
2020-07-21 12:00:00,72343
2020-07-21 13:00:00,76844
2020-07-21 14:00:00,81603
2020-07-21 15:00:00,86297
2020-07-21 16:00:00,91333
2020-07-21 17:00:00,97419
2020-07-21 18:00:00,102652
2020-07-21 19:00:00,103421
2020-07-21 20:00:00,102403
2020-07-21 21:00:00,97254
2020-07-21 22:00:00,88715
2020-07-21 23:00:00,80749
2020-07-22 00:00:00,78304
2020-07-22 01:00:00,78066
2020-07-22 02:00:00,76978
2020-07-22 03:00:00,74138
2020-07-22 04:00:00,72596
2020-07-22 05:00:00,62200
2020-07-22 06:00:00,55503
2020-07-22 07:00:00,55454
2020-07-22 08:00:00,58520
2020-07-22 09:00:00,62080
2020-07-22 10:00:00,63745
2020-07-22 11:00:00,67235
2020-07-22 12:00:00,72698
2020-07-22 13:00:00,77150
2020-07-22 14:00:00,82545
2020-07-22 15:00:00,86858
2020-07-22 16:00:00,92008
2020-07-22 17:00:00,98545
2020-07-22 18:00:00,103403
2020-07-22 19:00:00,103460
2020-07-22 20:00:00,102116
2020-07-22 21:00:00,96720
2020-07-22 22:00:00,88558
2020-07-22 23:00:00,81899
2020-07-23 00:00:00,80826
2020-07-23 01:00:00,79834
2020-07-23 02:00:00,77160
2020-07-23 03:00:00,73191
2020-07-23 04:00:00,54682
2020-07-23 05:00:00,55815
2020-07-23 06:00:00,53741
2020-07-23 07:00:00,55475
2020-07-23 08:00:00,57883
2020-07-23 09:00:00,61153
2020-07-23 10:00:00,62586
2020-07-23 11:00:00,67156
2020-07-23 12:00:00,72849
2020-07-23 13:00:00,78416
2020-07-23 14:00:00,82639
2020-07-23 15:00:00,87190
2020-07-23 16:00:00,92204
2020-07-23 17:00:00,98815
2020-07-23 18:00:00,106484
2020-07-23 19:00:00,109792
2020-07-23 20:00:00,101748
2020-07-23 21:00:00,99644
2020-07-23 22:00:00,89888
2020-07-23 23:00:00,81240
2020-07-24 00:00:00,78781
2020-07-24 01:00:00,78527
2020-07-24 02:00:00,76978
2020-07-24 03:00:00,73358
2020-07-24 04:00:00,67613
2020-07-24 05:00:00,60630
2020-07-24 06:00:00,56211
2020-07-24 07:00:00,57207
2020-07-24 08:00:00,61114
2020-07-24 09:00:00,64793
2020-07-24 10:00:00,67065
2020-07-24 11:00:00,70818
2020-07-24 12:00:00,76105
2020-07-24 13:00:00,80289
2020-07-24 14:00:00,83586
2020-07-24 15:00:00,87311
2020-07-24 16:00:00,90555
2020-07-24 17:00:00,95415
2020-07-24 18:00:00,100347
2020-07-24 19:00:00,101804
2020-07-24 20:00:00,101356
2020-07-24 21:00:00,96724
2020-07-24 22:00:00,88366
2020-07-24 23:00:00,81809
2020-07-25 00:00:00,79274
2020-07-25 01:00:00,79953
2020-07-25 02:00:00,79489
2020-07-25 03:00:00,77200
2020-07-25 04:00:00,72534
2020-07-25 05:00:00,66613
2020-07-25 06:00:00,60651
2020-07-25 07:00:00,57990
2020-07-25 08:00:00,59771
2020-07-25 09:00:00,62642
2020-07-25 10:00:00,64414
2020-07-25 11:00:00,67980
2020-07-25 12:00:00,72303
2020-07-25 13:00:00,74915
2020-07-25 14:00:00,78258
2020-07-25 15:00:00,81052
2020-07-25 16:00:00,86123
2020-07-25 17:00:00,90687
2020-07-25 18:00:00,95141
2020-07-25 19:00:00,96273
2020-07-25 20:00:00,95400
2020-07-25 21:00:00,91124
2020-07-25 22:00:00,84278
2020-07-25 23:00:00,77524
2020-07-26 00:00:00,77974
2020-07-26 01:00:00,78260
2020-07-26 02:00:00,78099
2020-07-26 03:00:00,75720
2020-07-26 04:00:00,71622
2020-07-26 05:00:00,66254
2020-07-26 06:00:00,60968
2020-07-26 07:00:00,58307
2020-07-26 08:00:00,60053
2020-07-26 09:00:00,62177
2020-07-26 10:00:00,64005
2020-07-26 11:00:00,66198
2020-07-26 12:00:00,70033
2020-07-26 13:00:00,73761
2020-07-26 14:00:00,77450
2020-07-26 15:00:00,82323
2020-07-26 16:00:00,87684
2020-07-26 17:00:00,93760
2020-07-26 18:00:00,98767
2020-07-26 19:00:00,99841
2020-07-26 20:00:00,98678
2020-07-26 21:00:00,92456
2020-07-26 22:00:00,84918
2020-07-26 23:00:00,78130
2020-07-27 00:00:00,75916
2020-07-27 01:00:00,75765
2020-07-27 02:00:00,73444
2020-07-27 03:00:00,70777
2020-07-27 04:00:00,64951
2020-07-27 05:00:00,59607
2020-07-27 06:00:00,56648
2020-07-27 07:00:00,63061
2020-07-27 08:00:00,65213
2020-07-27 09:00:00,64136
2020-07-27 10:00:00,65430
2020-07-27 11:00:00,68725
2020-07-27 12:00:00,73427
2020-07-27 13:00:00,77931
2020-07-27 14:00:00,82838
2020-07-27 15:00:00,87764
2020-07-27 16:00:00,92917
2020-07-27 17:00:00,98687
2020-07-27 18:00:00,104587
2020-07-27 19:00:00,105481
2020-07-27 20:00:00,104111
2020-07-27 21:00:00,98172
2020-07-27 22:00:00,90163
2020-07-27 23:00:00,82384
2020-07-28 00:00:00,80452
2020-07-28 01:00:00,80190
2020-07-28 02:00:00,78548
2020-07-28 03:00:00,72983
2020-07-28 04:00:00,66206
2020-07-28 05:00:00,59756
2020-07-28 06:00:00,55930
2020-07-28 07:00:00,57451
2020-07-28 08:00:00,61183
2020-07-28 09:00:00,63519
2020-07-28 10:00:00,64967
2020-07-28 11:00:00,67296
2020-07-28 12:00:00,72824
2020-07-28 13:00:00,78093
2020-07-28 14:00:00,82822
2020-07-28 15:00:00,88715
2020-07-28 16:00:00,93742
2020-07-28 17:00:00,100164
2020-07-28 18:00:00,104681
2020-07-28 19:00:00,105138
2020-07-28 20:00:00,104057
2020-07-28 21:00:00,99335
2020-07-28 22:00:00,91727
2020-07-28 23:00:00,86839
2020-07-29 00:00:00,86053
2020-07-29 01:00:00,82511
2020-07-29 02:00:00,78172
2020-07-29 03:00:00,73152
2020-07-29 04:00:00,66816
2020-07-29 05:00:00,60082
2020-07-29 06:00:00,54835
2020-07-29 07:00:00,56556
2020-07-29 08:00:00,59044
2020-07-29 09:00:00,62961
2020-07-29 10:00:00,64956
2020-07-29 11:00:00,68342
2020-07-29 12:00:00,72756
2020-07-29 13:00:00,78003
2020-07-29 14:00:00,82486
2020-07-29 15:00:00,86976
2020-07-29 16:00:00,91399
2020-07-29 17:00:00,97414
2020-07-29 18:00:00,103242
2020-07-29 19:00:00,104897
2020-07-29 20:00:00,103619
2020-07-29 21:00:00,97892
2020-07-29 22:00:00,88909
2020-07-29 23:00:00,80762
2020-07-30 00:00:00,77716
2020-07-30 01:00:00,77481
2020-07-30 02:00:00,75549
2020-07-30 03:00:00,72232
2020-07-30 04:00:00,66532
2020-07-30 05:00:00,60100
2020-07-30 06:00:00,55443
2020-07-30 07:00:00,56615
2020-07-30 08:00:00,61262
2020-07-30 09:00:00,64442
2020-07-30 10:00:00,65230
2020-07-30 11:00:00,67829
2020-07-30 12:00:00,71885
2020-07-30 13:00:00,77011
2020-07-30 14:00:00,81968
2020-07-30 15:00:00,86524
2020-07-30 16:00:00,91647
2020-07-30 17:00:00,97418
2020-07-30 18:00:00,101825
2020-07-30 19:00:00,103003
2020-07-30 20:00:00,101661
2020-07-30 21:00:00,97154
